#,content_type,course_name,course_order,module_name,module_order,lesson_name,lesson_order,file_location
1,course,ASP.NET Core,1,Getting Started with ASP.NET Core,1,What is ASP.NET Core?,1,course/aspnet-core/01-getting-started/what-is-aspnet-core.json
2,course,C# Fundamentals,1,Getting Started with C#,1,What is C#,1,course/csharp-fundamentals/01-getting-started/what-is-csharp.json
3,course,ASP.NET Core,1,Getting Started with ASP.NET Core,1,Setting Up the Development Environment,2,course/aspnet-core/01-getting-started/setting-up-environment.json
4,course,C# Fundamentals,1,Getting Started with C#,1,Setting Up Your Environment,2,course/csharp-fundamentals/01-getting-started/setting-up.json
5,course,ASP.NET Core,1,Getting Started with ASP.NET Core,1,Creating Your First Project,3,course/aspnet-core/01-getting-started/creating-first-project.json
6,course,C# Fundamentals,1,Getting Started with C#,1,Your First C# Program,3,course/csharp-fundamentals/01-getting-started/first-program.json
7,course,ASP.NET Core,1,Getting Started with ASP.NET Core,1,Understanding the Project Structure,4,course/aspnet-core/01-getting-started/understanding-project-structure.json
8,course,C# Fundamentals,1,Getting Started with C#,1,Understanding Program Structure,4,course/csharp-fundamentals/01-getting-started/understanding-structure.json
9,course,ASP.NET Core,1,Getting Started with ASP.NET Core,1,Running and Debugging Applications,5,course/aspnet-core/01-getting-started/running-and-debugging.json
10,course,C# Fundamentals,1,Getting Started with C#,1,Methods,5,course/csharp-fundamentals/01-getting-started/methods.json
11,course,ASP.NET Core,1,MVC Fundamentals,2,Understanding MVC Architecture,1,course/aspnet-core/02-mvc-fundamentals/mvc-architecture.json
12,course,C# Fundamentals,1,Variables and Data Types,2,Variables,1,course/csharp-fundamentals/02-variables-types/variables.json
13,course,ASP.NET Core,1,MVC Fundamentals,2,Controllers and Actions,2,course/aspnet-core/02-mvc-fundamentals/controllers-and-actions.json
14,course,C# Fundamentals,1,Variables and Data Types,2,Value Types,2,course/csharp-fundamentals/02-variables-types/value-types.json
15,course,ASP.NET Core,1,MVC Fundamentals,2,Views and Templates,3,course/aspnet-core/02-mvc-fundamentals/views-and-templates.json
16,course,C# Fundamentals,1,Variables and Data Types,2,Reference Types,3,course/csharp-fundamentals/02-variables-types/reference-types.json
17,course,ASP.NET Core,1,MVC Fundamentals,2,"Models, ViewData, and ViewBag",4,course/aspnet-core/02-mvc-fundamentals/models-and-viewdata.json
18,course,C# Fundamentals,1,Variables and Data Types,2,Type Conversion,4,course/csharp-fundamentals/02-variables-types/type-conversion.json
19,course,ASP.NET Core,1,MVC Fundamentals,2,Handling User Input,5,course/aspnet-core/02-mvc-fundamentals/handling-user-input.json
20,course,ASP.NET Core,1,Routing and URLs,3,Routing Basics,1,course/aspnet-core/03-routing-urls/routing-basics.json
21,course,C# Fundamentals,1,Control Flow,3,Conditional Statements,1,course/csharp-fundamentals/03-control-flow/conditionals.json
22,course,ASP.NET Core,1,Routing and URLs,3,Attribute Routing,2,course/aspnet-core/03-routing-urls/attribute-routing.json
23,course,C# Fundamentals,1,Control Flow,3,Loops,2,course/csharp-fundamentals/03-control-flow/loops.json
24,course,ASP.NET Core,1,Routing and URLs,3,Route Constraints,3,course/aspnet-core/03-routing-urls/route-constraints.json
25,course,C# Fundamentals,1,Control Flow,3,Switch Statements,3,course/csharp-fundamentals/03-control-flow/switch-statements.json
26,course,ASP.NET Core,1,Routing and URLs,3,URL Generation,4,course/aspnet-core/03-routing-urls/url-generation.json
27,course,ASP.NET Core,1,Routing and URLs,3,Area Routing,5,course/aspnet-core/03-routing-urls/area-routing.json
28,course,ASP.NET Core,1,Model Binding and Validation,4,Model Binding Overview,1,course/aspnet-core/04-model-binding-validation/model-binding-overview.json
29,course,C# Fundamentals,1,Object-Oriented Programming,4,Classes and Objects,1,course/csharp-fundamentals/04-oop/classes-objects.json
30,course,ASP.NET Core,1,Model Binding and Validation,4,Binding Sources,2,course/aspnet-core/04-model-binding-validation/binding-sources.json
31,course,C# Fundamentals,1,Object-Oriented Programming,4,Inheritance,2,course/csharp-fundamentals/04-oop/inheritance.json
32,course,ASP.NET Core,1,Model Binding and Validation,4,Built-in Validation Attributes,3,course/aspnet-core/04-model-binding-validation/validation-attributes.json
33,course,C# Fundamentals,1,Object-Oriented Programming,4,Interfaces,3,course/csharp-fundamentals/04-oop/interfaces.json
34,course,ASP.NET Core,1,Model Binding and Validation,4,Custom Validation,4,course/aspnet-core/04-model-binding-validation/custom-validation.json
35,course,C# Fundamentals,1,Object-Oriented Programming,4,Encapsulation and Access Modifiers,4,course/csharp-fundamentals/04-oop/encapsulation.json
36,course,ASP.NET Core,1,Model Binding and Validation,4,Client-Side Validation,5,course/aspnet-core/04-model-binding-validation/client-side-validation.json
37,course,ASP.NET Core,1,Razor Views,5,Razor Syntax Fundamentals,1,course/aspnet-core/05-razor-views/razor-syntax.json
38,course,C# Fundamentals,1,Advanced Features,5,Collections,1,course/csharp-fundamentals/05-advanced-features/collections.json
39,course,ASP.NET Core,1,Razor Views,5,Layouts and Partial Views,2,course/aspnet-core/05-razor-views/layouts-and-partials.json
40,course,C# Fundamentals,1,Advanced Features,5,Generics,2,course/csharp-fundamentals/05-advanced-features/generics.json
41,course,ASP.NET Core,1,Razor Views,5,View Components,3,course/aspnet-core/05-razor-views/view-components.json
42,course,C# Fundamentals,1,Advanced Features,5,Async/Await,3,course/csharp-fundamentals/05-advanced-features/async-await.json
43,course,ASP.NET Core,1,Razor Views,5,Tag Helpers,4,course/aspnet-core/05-razor-views/tag-helpers.json
44,course,C# Fundamentals,1,Advanced Features,5,LINQ Basics,4,course/csharp-fundamentals/05-advanced-features/linq-basics.json
45,course,ASP.NET Core,1,Razor Views,5,Partial Views in Razor,5,course/aspnet-core/05-razor-views/partial-views.json
46,course,C# Fundamentals,1,Advanced Features,5,Delegates and Events,5,course/csharp-fundamentals/05-advanced-features/delegates-events.json
47,course,C# Fundamentals,1,Advanced Features,5,Extension Methods,6,course/csharp-fundamentals/05-advanced-features/extension-methods.json
48,course,ASP.NET Core,1,Dependency Injection,6,Dependency Injection Basics,1,course/aspnet-core/06-dependency-injection/di-basics.json
49,course,C# Fundamentals,1,Error Handling,6,Error Handling,1,course/csharp-fundamentals/06-error-handling/error-handling.json
50,course,ASP.NET Core,1,Dependency Injection,6,Service Lifetimes,2,course/aspnet-core/06-dependency-injection/service-lifetimes.json
51,course,C# Fundamentals,1,Error Handling,6,Exception Types,2,course/csharp-fundamentals/06-error-handling/exception-types.json
52,course,ASP.NET Core,1,Dependency Injection,6,Constructor Injection,3,course/aspnet-core/06-dependency-injection/constructor-injection.json
53,course,C# Fundamentals,1,Error Handling,6,Try/Catch/Finally,3,course/csharp-fundamentals/06-error-handling/try-catch-finally.json
54,course,ASP.NET Core,1,Dependency Injection,6,Configuring Services,4,course/aspnet-core/06-dependency-injection/configuring-services.json
55,course,ASP.NET Core,1,Dependency Injection,6,Advanced DI Patterns,5,course/aspnet-core/06-dependency-injection/advanced-di-patterns.json
56,course,ASP.NET Core,1,Middleware Pipeline,7,Middleware Concepts,1,course/aspnet-core/07-middleware-pipeline/middleware-concepts.json
57,course,C# Fundamentals,1,Modern C# Features,7,File I/O,1,course/csharp-fundamentals/07-modern-csharp/file-io.json
58,course,ASP.NET Core,1,Middleware Pipeline,7,Built-in Middleware,2,course/aspnet-core/07-middleware-pipeline/built-in-middleware.json
59,course,C# Fundamentals,1,Modern C# Features,7,Records and Pattern Matching,2,course/csharp-fundamentals/07-modern-csharp/records-patterns.json
60,course,ASP.NET Core,1,Middleware Pipeline,7,Custom Middleware,3,course/aspnet-core/07-middleware-pipeline/custom-middleware.json
61,course,C# Fundamentals,1,Modern C# Features,7,Nullable Types,3,course/csharp-fundamentals/07-modern-csharp/nullable-types.json
62,course,ASP.NET Core,1,Middleware Pipeline,7,Exception Handling Middleware,4,course/aspnet-core/07-middleware-pipeline/exception-handling.json
63,course,ASP.NET Core,1,Middleware Pipeline,7,Static Files and Caching,5,course/aspnet-core/07-middleware-pipeline/static-files-and-caching.json
64,course,ASP.NET Core,1,Entity Framework Core,8,Introduction to EF Core,1,course/aspnet-core/08-entity-framework-core/efcore-introduction.json
65,course,C# Fundamentals,1,"Advanced Async, Concurrency & Threading",8,ThreadPool internals and thread starvation,1,course/csharp-fundamentals/advanced-async-concurrency-threading/threadpool-internals-and-thread-starvation.json
66,course,C# Fundamentals,1,"Advanced C# Runtime, Memory & Concurrency",8,CLR architecture and execution model,1,course/csharp-fundamentals/advanced-c-runtime-memory-concurrency/clr-architecture-and-execution-model.json
67,course,ASP.NET Core,1,Entity Framework Core,8,DbContext and Migrations,2,course/aspnet-core/08-entity-framework-core/dbcontext-and-migrations.json
68,course,C# Fundamentals,1,"Advanced Async, Concurrency & Threading",8,Task scheduling and continuations,2,course/csharp-fundamentals/advanced-async-concurrency-threading/task-scheduling-and-continuations.json
69,course,C# Fundamentals,1,"Advanced C# Runtime, Memory & Concurrency",8,Assembly loading and metadata,2,course/csharp-fundamentals/advanced-c-runtime-memory-concurrency/assembly-loading-and-metadata.json
70,course,ASP.NET Core,1,Entity Framework Core,8,Querying with LINQ,3,course/aspnet-core/08-entity-framework-core/querying-with-linq.json
71,course,C# Fundamentals,1,"Advanced Async, Concurrency & Threading",8,Async I/O vs CPU-bound work,3,course/csharp-fundamentals/advanced-async-concurrency-threading/async-io-vs-cpu-bound-work.json
72,course,C# Fundamentals,1,"Advanced C# Runtime, Memory & Concurrency",8,JIT compilation and tiered compilation,3,course/csharp-fundamentals/advanced-c-runtime-memory-concurrency/jit-compilation-and-tiered-compilation.json
73,course,ASP.NET Core,1,Entity Framework Core,8,Relationships and Configurations,4,course/aspnet-core/08-entity-framework-core/relationships-and-configurations.json
74,course,C# Fundamentals,1,"Advanced Async, Concurrency & Threading",8,CancellationToken design,4,course/csharp-fundamentals/advanced-async-concurrency-threading/cancellationtoken-design.json
75,course,C# Fundamentals,1,"Advanced C# Runtime, Memory & Concurrency",8,ReadyToRun and Native AOT,4,course/csharp-fundamentals/advanced-c-runtime-memory-concurrency/readytorun-and-native-aot.json
76,course,ASP.NET Core,1,Entity Framework Core,8,Performance Optimization,5,course/aspnet-core/08-entity-framework-core/performance-optimization.json
77,course,C# Fundamentals,1,"Advanced Async, Concurrency & Threading",8,Race conditions and thread safety,5,course/csharp-fundamentals/advanced-async-concurrency-threading/race-conditions-and-thread-safety.json
78,course,C# Fundamentals,1,"Advanced C# Runtime, Memory & Concurrency",8,Reflection and its trade-offs,5,course/csharp-fundamentals/advanced-c-runtime-memory-concurrency/reflection-and-its-trade-offs.json
79,course,C# Fundamentals,1,"Advanced Async, Concurrency & Threading",8,lock and Monitor,6,course/csharp-fundamentals/advanced-async-concurrency-threading/lock-and-monitor.json
80,course,C# Fundamentals,1,"Advanced C# Runtime, Memory & Concurrency",8,Managed heap and allocation lifecycle,6,course/csharp-fundamentals/advanced-c-runtime-memory-concurrency/managed-heap-and-allocation-lifecycle.json
81,course,C# Fundamentals,1,"Advanced Async, Concurrency & Threading",8,SemaphoreSlim and bounded concurrency,7,course/csharp-fundamentals/advanced-async-concurrency-threading/semaphoreslim-and-bounded-concurrency.json
82,course,C# Fundamentals,1,"Advanced C# Runtime, Memory & Concurrency",8,GC generations and collection behavior,7,course/csharp-fundamentals/advanced-c-runtime-memory-concurrency/gc-generations-and-collection-behavior.json
83,course,C# Fundamentals,1,"Advanced Async, Concurrency & Threading",8,Concurrent collections,8,course/csharp-fundamentals/advanced-async-concurrency-threading/concurrent-collections.json
84,course,C# Fundamentals,1,"Advanced C# Runtime, Memory & Concurrency",8,Large Object Heap and pinned objects,8,course/csharp-fundamentals/advanced-c-runtime-memory-concurrency/large-object-heap-and-pinned-objects.json
85,course,C# Fundamentals,1,"Advanced Async, Concurrency & Threading",8,Channels and producer-consumer pipelines,9,course/csharp-fundamentals/advanced-async-concurrency-threading/channels-and-producer-consumer-pipelines.json
86,course,C# Fundamentals,1,"Advanced C# Runtime, Memory & Concurrency",8,Server GC vs workstation GC,9,course/csharp-fundamentals/advanced-c-runtime-memory-concurrency/server-gc-vs-workstation-gc.json
87,course,C# Fundamentals,1,"Advanced Async, Concurrency & Threading",8,"Deadlocks, starvation and livelocks",10,course/csharp-fundamentals/advanced-async-concurrency-threading/deadlocks-starvation-and-livelocks.json
88,course,C# Fundamentals,1,"Advanced C# Runtime, Memory & Concurrency",8,Allocation pressure and latency,10,course/csharp-fundamentals/advanced-c-runtime-memory-concurrency/allocation-pressure-and-latency.json
89,course,C# Fundamentals,1,"Advanced Async, Concurrency & Threading",8,ValueTask and when it is appropriate,11,course/csharp-fundamentals/advanced-async-concurrency-threading/valuetask-and-when-it-is-appropriate.json
90,course,C# Fundamentals,1,"Advanced C# Runtime, Memory & Concurrency",8,Boxing and hidden allocations,11,course/csharp-fundamentals/advanced-c-runtime-memory-concurrency/boxing-and-hidden-allocations.json
91,course,C# Fundamentals,1,"Advanced Async, Concurrency & Threading",8,Diagnosing async performance problems,12,course/csharp-fundamentals/advanced-async-concurrency-threading/diagnosing-async-performance-problems.json
92,course,C# Fundamentals,1,"Advanced C# Runtime, Memory & Concurrency",8,"IDisposable, finalization and deterministic cleanup",12,course/csharp-fundamentals/advanced-c-runtime-memory-concurrency/idisposable-finalization-and-deterministic-cleanup.json
93,course,C# Fundamentals,1,"Advanced C# Runtime, Memory & Concurrency",8,IAsyncDisposable and async resource cleanup,13,course/csharp-fundamentals/advanced-c-runtime-memory-concurrency/iasyncdisposable-and-async-resource-cleanup.json
94,course,C# Fundamentals,1,"Advanced C# Runtime, Memory & Concurrency",8,"Span<T>, Memory<T> and ref structs",14,course/csharp-fundamentals/advanced-c-runtime-memory-concurrency/spant-memoryt-and-ref-structs.json
95,course,C# Fundamentals,1,"Advanced C# Runtime, Memory & Concurrency",8,ArrayPool<T> and MemoryPool<T>,15,course/csharp-fundamentals/advanced-c-runtime-memory-concurrency/arraypoolt-and-memorypoolt.json
96,course,ASP.NET Core,1,Authentication and Authorization,9,Authentication and Authorization Basics,1,course/aspnet-core/09-authentication-authorization/auth-basics.json
97,course,ASP.NET Core,1,Authentication and Authorization,9,ASP.NET Core Identity Setup,2,course/aspnet-core/09-authentication-authorization/identity-setup.json
98,course,ASP.NET Core,1,Authentication and Authorization,9,JWT Tokens,3,course/aspnet-core/09-authentication-authorization/jwt-tokens.json
99,course,ASP.NET Core,1,Authentication and Authorization,9,Role-Based Access Control,4,course/aspnet-core/09-authentication-authorization/role-based-access.json
100,course,ASP.NET Core,1,Authentication and Authorization,9,Policy-Based Authorization,5,course/aspnet-core/09-authentication-authorization/policy-based-authorization.json
101,course,ASP.NET Core,1,Web API and REST,10,REST Principles,1,course/aspnet-core/10-web-api-rest/rest-principles.json
102,course,ASP.NET Core,1,Web API and REST,10,API Controllers,2,course/aspnet-core/10-web-api-rest/api-controllers.json
103,course,ASP.NET Core,1,Web API and REST,10,HTTP Methods and Status Codes,3,course/aspnet-core/10-web-api-rest/http-methods-and-status-codes.json
104,course,ASP.NET Core,1,Web API and REST,10,API Versioning and Documentation,4,course/aspnet-core/10-web-api-rest/versioning-and-documentation.json
105,course,ASP.NET Core,1,Web API and REST,10,Swagger and OpenAPI,5,course/aspnet-core/10-web-api-rest/swagger-and-openapi.json
106,course,ASP.NET Core,1,Testing and Debugging,11,Testing Fundamentals,1,course/aspnet-core/11-testing-debugging/testing-fundamentals.json
107,course,ASP.NET Core,1,Testing and Debugging,11,Unit Testing Controllers,2,course/aspnet-core/11-testing-debugging/unit-testing-controllers.json
108,course,ASP.NET Core,1,Testing and Debugging,11,Integration Testing,3,course/aspnet-core/11-testing-debugging/integration-testing.json
109,course,ASP.NET Core,1,Testing and Debugging,11,Debugging Techniques,4,course/aspnet-core/11-testing-debugging/debugging-techniques.json
110,course,ASP.NET Core,1,Testing and Debugging,11,Logging and Monitoring,5,course/aspnet-core/11-testing-debugging/logging-and-monitoring.json
111,course,ASP.NET Core,1,Deployment and Production,12,Deployment Options,1,course/aspnet-core/12-deployment-production/deployment-options.json
112,course,ASP.NET Core,1,Deployment and Production,12,Docker Containerization,2,course/aspnet-core/12-deployment-production/docker-containerization.json
113,course,ASP.NET Core,1,Deployment and Production,12,Cloud Deployment,3,course/aspnet-core/12-deployment-production/cloud-deployment.json
114,course,ASP.NET Core,1,Deployment and Production,12,Performance Tuning,4,course/aspnet-core/12-deployment-production/performance-tuning.json
115,course,ASP.NET Core,1,Deployment and Production,12,Monitoring and Alerting,5,course/aspnet-core/12-deployment-production/monitoring-and-alerting.json
116,course,ASP.NET Core,1,ASP.NET Core Internals & Production Hosting,13,Kestrel and the ASP.NET Core hosting model,1,course/aspnet-core/asp-net-core-internals-production-hosting/kestrel-and-the-aspnet-core-hosting-model.json
117,course,ASP.NET Core,1,Performance & Observability,13,Request latency decomposition,1,course/aspnet-core/performance-observability/request-latency-decomposition.json
118,course,ASP.NET Core,1,ASP.NET Core Internals & Production Hosting,13,Generic Host and application lifetime,2,course/aspnet-core/asp-net-core-internals-production-hosting/generic-host-and-application-lifetime.json
119,course,ASP.NET Core,1,Performance & Observability,13,Application metrics vs logs vs traces,2,course/aspnet-core/performance-observability/application-metrics-vs-logs-vs-traces.json
120,course,ASP.NET Core,1,ASP.NET Core Internals & Production Hosting,13,Request pipeline and middleware execution,3,course/aspnet-core/asp-net-core-internals-production-hosting/request-pipeline-and-middleware-execution.json
121,course,ASP.NET Core,1,Performance & Observability,13,Distributed tracing across services,3,course/aspnet-core/performance-observability/distributed-tracing-across-services.json
122,course,ASP.NET Core,1,ASP.NET Core Internals & Production Hosting,13,Endpoint routing internals,4,course/aspnet-core/asp-net-core-internals-production-hosting/endpoint-routing-internals.json
123,course,ASP.NET Core,1,Performance & Observability,13,Profiling CPU and allocations,4,course/aspnet-core/performance-observability/profiling-cpu-and-allocations.json
124,course,ASP.NET Core,1,ASP.NET Core Internals & Production Hosting,13,Dependency injection lifetimes and scope validation,5,course/aspnet-core/asp-net-core-internals-production-hosting/dependency-injection-lifetimes-and-scope-validation.json
125,course,ASP.NET Core,1,Performance & Observability,13,Connection pool exhaustion,5,course/aspnet-core/performance-observability/connection-pool-exhaustion.json
126,course,ASP.NET Core,1,ASP.NET Core Internals & Production Hosting,13,Options pattern and configuration providers,6,course/aspnet-core/asp-net-core-internals-production-hosting/options-pattern-and-configuration-providers.json
127,course,ASP.NET Core,1,Performance & Observability,13,Thread pool starvation,6,course/aspnet-core/performance-observability/thread-pool-starvation.json
128,course,ASP.NET Core,1,ASP.NET Core Internals & Production Hosting,13,IHttpClientFactory and handler lifetimes,7,course/aspnet-core/asp-net-core-internals-production-hosting/ihttpclientfactory-and-handler-lifetimes.json
129,course,ASP.NET Core,1,Performance & Observability,13,Slow API investigation workflow,7,course/aspnet-core/performance-observability/slow-api-investigation-workflow.json
130,course,ASP.NET Core,1,ASP.NET Core Internals & Production Hosting,13,BackgroundService and hosted workloads,8,course/aspnet-core/asp-net-core-internals-production-hosting/backgroundservice-and-hosted-workloads.json
131,course,ASP.NET Core,1,Performance & Observability,13,Health endpoints and dependency checks,8,course/aspnet-core/performance-observability/health-endpoints-and-dependency-checks.json
132,course,ASP.NET Core,1,ASP.NET Core Internals & Production Hosting,13,Health checks and readiness vs liveness,9,course/aspnet-core/asp-net-core-internals-production-hosting/health-checks-and-readiness-vs-liveness.json
133,course,ASP.NET Core,1,Performance & Observability,13,Structured logging and correlation IDs,9,course/aspnet-core/performance-observability/structured-logging-and-correlation-ids.json
134,course,ASP.NET Core,1,ASP.NET Core Internals & Production Hosting,13,Request cancellation and graceful shutdown,10,course/aspnet-core/asp-net-core-internals-production-hosting/request-cancellation-and-graceful-shutdown.json
135,course,ASP.NET Core,1,Performance & Observability,13,Production performance regression analysis,10,course/aspnet-core/performance-observability/production-performance-regression-analysis.json
136,course,ASP.NET Core Web API,3,Getting Started,1,What is Web API,1,course/aspnet-core-web-api/01-getting-started/what-is-web-api.json
137,course,ASP.NET Core Web API,3,Getting Started,1,Creating a Web API Project,2,course/aspnet-core-web-api/01-getting-started/creating-project.json
138,course,ASP.NET Core Web API,3,Getting Started,1,Project Structure,3,course/aspnet-core-web-api/01-getting-started/project-structure.json
139,course,ASP.NET Core Web API,3,Getting Started,1,Your First Endpoint,4,course/aspnet-core-web-api/01-getting-started/first-endpoint.json
140,course,ASP.NET Core Web API,3,Controllers and Routing,2,Routing Basics,1,course/aspnet-core-web-api/02-controllers-routing/routing-basics.json
141,course,ASP.NET Core Web API,3,Controllers and Routing,2,Attribute Routing,2,course/aspnet-core-web-api/02-controllers-routing/attribute-routing.json
142,course,ASP.NET Core Web API,3,Controllers and Routing,2,Route Constraints,3,course/aspnet-core-web-api/02-controllers-routing/route-constraints.json
143,course,ASP.NET Core Web API,3,Model Binding,3,Model Binding Basics,1,course/aspnet-core-web-api/03-model-binding/model-binding-basics.json
144,course,ASP.NET Core Web API,3,Model Binding,3,FromBody,2,course/aspnet-core-web-api/03-model-binding/from-body.json
145,course,ASP.NET Core Web API,3,Model Binding,3,FromQuery,3,course/aspnet-core-web-api/03-model-binding/from-query.json
146,course,ASP.NET Core Web API,3,Middleware,4,Middleware Basics,1,course/aspnet-core-web-api/04-middleware/middleware-basics.json
147,course,ASP.NET Core Web API,3,Middleware,4,Built-in Middleware,2,course/aspnet-core-web-api/04-middleware/built-in-middleware.json
148,course,ASP.NET Core Web API,3,Middleware,4,Custom Middleware,3,course/aspnet-core-web-api/04-middleware/custom-middleware.json
149,course,ASP.NET Core Web API,3,Dependency Injection,5,Dependency Injection Basics,1,course/aspnet-core-web-api/05-dependency-injection/di-basics.json
150,course,ASP.NET Core Web API,3,Dependency Injection,5,Service Lifetimes,2,course/aspnet-core-web-api/05-dependency-injection/service-lifetimes.json
151,course,ASP.NET Core Web API,3,Dependency Injection,5,Injecting Services,3,course/aspnet-core-web-api/05-dependency-injection/injecting-services.json
152,course,ASP.NET Core Web API,3,Error Handling and Validation,6,Validation Basics,1,course/aspnet-core-web-api/06-error-handling-validation/validation-basics.json
153,course,ASP.NET Core Web API,3,Error Handling and Validation,6,Problem Details,2,course/aspnet-core-web-api/06-error-handling-validation/problem-details.json
154,course,ASP.NET Core Web API,3,Error Handling and Validation,6,Global Error Handling,3,course/aspnet-core-web-api/06-error-handling-validation/global-error-handling.json
155,course,ASP.NET Core Web API,3,Authentication Basics,7,Authentication Overview,1,course/aspnet-core-web-api/07-authentication-basics/auth-overview.json
156,course,ASP.NET Core Web API,3,Authentication Basics,7,JWT Basics,2,course/aspnet-core-web-api/07-authentication-basics/jwt-basics.json
157,course,ASP.NET Core Web API,3,Authentication Basics,7,Authorization Policies,3,course/aspnet-core-web-api/07-authentication-basics/authorization-policies.json
158,course,ASP.NET Core Web API,3,Logging and Configuration,8,Logging Basics,1,course/aspnet-core-web-api/08-logging-configuration/logging-basics.json
159,course,ASP.NET Core Web API,3,Logging and Configuration,8,Structured Logging,2,course/aspnet-core-web-api/08-logging-configuration/structured-logging.json
160,course,ASP.NET Core Web API,3,Logging and Configuration,8,Configuration Options,3,course/aspnet-core-web-api/08-logging-configuration/configuration-options.json
161,course,ASP.NET Core Web API,3,Production API Design & Reliability,9,API versioning and compatibility,1,course/aspnet-core-web-api/production-api-design-reliability/api-versioning-and-compatibility.json
162,course,ASP.NET Core Web API,3,Production API Design & Reliability,9,Problem Details and consistent error contracts,2,course/aspnet-core-web-api/production-api-design-reliability/problem-details-and-consistent-error-contracts.json
163,course,ASP.NET Core Web API,3,Production API Design & Reliability,9,"Pagination, filtering and sorting design",3,course/aspnet-core-web-api/production-api-design-reliability/pagination-filtering-and-sorting-design.json
164,course,ASP.NET Core Web API,3,Production API Design & Reliability,9,Idempotency keys and duplicate request handling,4,course/aspnet-core-web-api/production-api-design-reliability/idempotency-keys-and-duplicate-request-handling.json
165,course,ASP.NET Core Web API,3,Production API Design & Reliability,9,ETags and conditional requests,5,course/aspnet-core-web-api/production-api-design-reliability/etags-and-conditional-requests.json
166,course,ASP.NET Core Web API,3,Production API Design & Reliability,9,Optimistic concurrency for APIs,6,course/aspnet-core-web-api/production-api-design-reliability/optimistic-concurrency-for-apis.json
167,course,ASP.NET Core Web API,3,Production API Design & Reliability,9,Rate limiting and load shedding,7,course/aspnet-core-web-api/production-api-design-reliability/rate-limiting-and-load-shedding.json
168,course,ASP.NET Core Web API,3,Production API Design & Reliability,9,"Timeouts, retries and cancellation",8,course/aspnet-core-web-api/production-api-design-reliability/timeouts-retries-and-cancellation.json
169,course,ASP.NET Core Web API,3,Production API Design & Reliability,9,Streaming APIs and large payloads,9,course/aspnet-core-web-api/production-api-design-reliability/streaming-apis-and-large-payloads.json
170,course,ASP.NET Core Web API,3,Production API Design & Reliability,9,Webhooks and reliable callback processing,10,course/aspnet-core-web-api/production-api-design-reliability/webhooks-and-reliable-callback-processing.json
171,course,LINQ — Language-Integrated Query,4,Getting Started with LINQ,1,What is LINQ?,1,course/linq/01-getting-started-linq/what-is-linq.json
172,course,LINQ — Language-Integrated Query,4,Getting Started with LINQ,1,Why Use LINQ?,2,course/linq/01-getting-started-linq/why-linq.json
173,course,LINQ — Language-Integrated Query,4,Getting Started with LINQ,1,LINQ API in .NET,3,course/linq/01-getting-started-linq/linq-api-in-net.json
174,course,LINQ — Language-Integrated Query,4,Getting Started with LINQ,1,Learn LINQ: Step-by-Step Tutorials,4,course/linq/01-getting-started-linq/learn-linq-step-by-step.json
175,course,LINQ — Language-Integrated Query,4,LINQ Fundamentals — Syntax & Lambda Expressions,2,LINQ Query Expression Syntax,1,course/linq/02-linq-fundamentals-syntax/linq-query-syntax.json
176,course,LINQ — Language-Integrated Query,4,LINQ Fundamentals — Syntax & Lambda Expressions,2,LINQ Method Syntax,2,course/linq/02-linq-fundamentals-syntax/linq-method-syntax.json
177,course,LINQ — Language-Integrated Query,4,LINQ Fundamentals — Syntax & Lambda Expressions,2,Anatomy of the Lambda Expression,3,course/linq/02-linq-fundamentals-syntax/anatomy-of-lambda-expression.json
178,course,LINQ — Language-Integrated Query,4,Filtering & Projection,3,Filtering with Where,1,course/linq/03-filtering-projection/filtering-operator-where.json
179,course,LINQ — Language-Integrated Query,4,Filtering & Projection,3,OfType Filtering Operator,2,course/linq/03-filtering-projection/oftype-filtering-operator.json
180,course,LINQ — Language-Integrated Query,4,Filtering & Projection,3,Projection Operators (Select & SelectMany),3,course/linq/03-filtering-projection/projection-operators.json
181,course,LINQ — Language-Integrated Query,4,Sorting & Grouping,4,Sorting with OrderBy & OrderByDescending,1,course/linq/04-sorting-grouping/orderby-orderbydescending.json
182,course,LINQ — Language-Integrated Query,4,Sorting & Grouping,4,Secondary Sorting with ThenBy & ThenByDescending,2,course/linq/04-sorting-grouping/thenby-thenbydescending.json
183,course,LINQ — Language-Integrated Query,4,Sorting & Grouping,4,Grouping with GroupBy & ToLookup,3,course/linq/04-sorting-grouping/grouping-operator-groupby-tolookup.json
184,course,LINQ — Language-Integrated Query,4,Joining Data,5,Inner Join with Join,1,course/linq/05-joining-data/join-operator.json
185,course,LINQ — Language-Integrated Query,4,Joining Data,5,Group Join with GroupJoin,2,course/linq/05-joining-data/groupjoin-operator.json
186,course,LINQ — Language-Integrated Query,4,Set Operations,6,Distinct — Removing Duplicates,1,course/linq/06-set-operations/distinct-set-operator.json
187,course,LINQ — Language-Integrated Query,4,Set Operations,6,Except — Set Difference,2,course/linq/06-set-operations/except-set-operator.json
188,course,LINQ — Language-Integrated Query,4,Set Operations,6,Intersect — Set Intersection,3,course/linq/06-set-operations/intersect-set-operator.json
189,course,LINQ — Language-Integrated Query,4,Set Operations,6,Union — Combining Sets,4,course/linq/06-set-operations/union-set-operator.json
190,course,LINQ — Language-Integrated Query,4,Set Operations,6,Concat — Concatenation,5,course/linq/06-set-operations/concat-concatenation-operator.json
191,course,LINQ — Language-Integrated Query,4,Aggregation Operators,7,Count Operator,1,course/linq/07-aggregation-operators/aggregation-count.json
192,course,LINQ — Language-Integrated Query,4,Aggregation Operators,7,Sum Operator,2,course/linq/07-aggregation-operators/aggregation-sum.json
193,course,LINQ — Language-Integrated Query,4,Aggregation Operators,7,Average Operator,3,course/linq/07-aggregation-operators/aggregation-average.json
194,course,LINQ — Language-Integrated Query,4,Aggregation Operators,7,Max Operator,4,course/linq/07-aggregation-operators/aggregation-max.json
195,course,LINQ — Language-Integrated Query,4,Aggregation Operators,7,Custom Aggregation with Aggregate,5,course/linq/07-aggregation-operators/aggregation-aggregate.json
196,course,LINQ — Language-Integrated Query,4,Quantifiers & Element Operators,8,Quantifier Operators (All & Any),1,course/linq/08-quantifiers-element-operators/quantifier-operators.json
197,course,LINQ — Language-Integrated Query,4,Quantifiers & Element Operators,8,Contains Operator,2,course/linq/08-quantifiers-element-operators/contains-quantifier-operator.json
198,course,LINQ — Language-Integrated Query,4,Quantifiers & Element Operators,8,ElementAt & ElementAtOrDefault,3,course/linq/08-quantifiers-element-operators/elementat-elementatordefault.json
199,course,LINQ — Language-Integrated Query,4,Quantifiers & Element Operators,8,First & FirstOrDefault,4,course/linq/08-quantifiers-element-operators/first-firstordefault.json
200,course,LINQ — Language-Integrated Query,4,Quantifiers & Element Operators,8,Last & LastOrDefault,5,course/linq/08-quantifiers-element-operators/last-lastordefault.json
201,course,LINQ — Language-Integrated Query,4,Quantifiers & Element Operators,8,Single & SingleOrDefault,6,course/linq/08-quantifiers-element-operators/single-singleordefault.json
202,course,LINQ — Language-Integrated Query,4,Partitioning Operators,9,Skip & SkipWhile,1,course/linq/09-partitioning-operators/skip-skipwhile.json
203,course,LINQ — Language-Integrated Query,4,Partitioning Operators,9,Take & TakeWhile,2,course/linq/09-partitioning-operators/take-takewhile.json
204,course,LINQ — Language-Integrated Query,4,Conversion & Generation Operators,10,Conversion Operators,1,course/linq/10-conversion-generation-operators/conversion-operators.json
205,course,LINQ — Language-Integrated Query,4,Conversion & Generation Operators,10,"Generation Operators (Empty, Range, Repeat)",2,course/linq/10-conversion-generation-operators/generation-operators.json
206,course,LINQ — Language-Integrated Query,4,Conversion & Generation Operators,10,DefaultIfEmpty Operator,3,course/linq/10-conversion-generation-operators/defaultifempty-operator.json
207,course,LINQ — Language-Integrated Query,4,Advanced LINQ Concepts,11,Expression Trees,1,course/linq/11-advanced-linq-concepts/expression-trees.json
208,course,LINQ — Language-Integrated Query,4,Advanced LINQ Concepts,11,SequenceEqual — LINQ Equality Operator,2,course/linq/11-advanced-linq-concepts/sequenceequal-operator.json
209,course,LINQ — Language-Integrated Query,4,Advanced LINQ Concepts,11,Sample LINQ Queries,3,course/linq/11-advanced-linq-concepts/sample-linq-queries.json
210,course,LINQ — Language-Integrated Query,4,Advanced LINQ Concepts,11,Standard Query Operators Overview,4,course/linq/11-advanced-linq-concepts/standard-query-operators.json
211,course,Entity Framework Core,5,Getting Started with EF Core,1,Entity Framework Core Tutorials,1,course/ef-core/01-getting-started-ef-core/entity-framework-core-tutorials.json
212,course,Entity Framework Core,5,Getting Started with EF Core,1,What is Entity Framework Core,2,course/ef-core/01-getting-started-ef-core/getting-started-ef-core.json
213,course,Entity Framework Core,5,Getting Started with EF Core,1,Install Entity Framework Core,3,course/ef-core/01-getting-started-ef-core/install-entity-framework-core.json
214,course,Entity Framework Core,5,Getting Started with EF Core,1,Working with DbContext in EF Core,4,course/ef-core/01-getting-started-ef-core/working-with-dbcontext-in-ef-core.json
215,course,Entity Framework Core,5,DbContext & Configuration,2,DbContext in Entity Framework Core,1,course/ef-core/02-dbcontext-configuration/dbcontext-in-entity-framework-core.json
216,course,Entity Framework Core,5,DbContext & Configuration,2,Configurations in Entity Framework Core,2,course/ef-core/02-dbcontext-configuration/configurations-in-entity-framework-core.json
217,course,Entity Framework Core,5,DbContext & Configuration,2,DbContext Overview,3,course/ef-core/02-dbcontext-configuration/dbcontext-configuration.json
218,course,Entity Framework Core,5,DbContext & Configuration,2,Fluent API in Entity Framework Core,4,course/ef-core/02-dbcontext-configuration/fluent-api-in-entity-framework-core.json
219,course,Entity Framework Core,5,Conventions & Relationships,3,Entity Framework Core Conventions,1,course/ef-core/03-conventions-relationships/entity-framework-core-conventions.json
220,course,Entity Framework Core,5,Conventions & Relationships,3,One-to-Many Relationships Conventions,2,course/ef-core/03-conventions-relationships/one-to-many-relationships-conventions.json
221,course,Entity Framework Core,5,Conventions & Relationships,3,Configure One-to-Many Relationships using Fluent API,3,course/ef-core/03-conventions-relationships/configure-one-to-many-relationships-fluent-api.json
222,course,Entity Framework Core,5,Conventions & Relationships,3,EF Core Conventions,4,course/ef-core/03-conventions-relationships/conventions-relationships.json
223,course,Entity Framework Core,5,Conventions & Relationships,3,One-to-One Relationships Conventions,5,course/ef-core/03-conventions-relationships/one-to-one-relationships-conventions.json
224,course,Entity Framework Core,5,Conventions & Relationships,3,Configure One-to-One Relationships using Fluent API,6,course/ef-core/03-conventions-relationships/configure-one-to-one-relationships-fluent-api.json
225,course,Entity Framework Core,5,Conventions & Relationships,3,Configure Many-to-Many Relationships,7,course/ef-core/03-conventions-relationships/configure-many-to-many-relationships.json
226,course,Entity Framework Core,5,Data Operations - Connected Scenario,4,Saving Data in Connected Scenario,1,course/ef-core/04-data-operations-connected/entity-framework-core-saving-data-connected.json
227,course,Entity Framework Core,5,Data Operations - Connected Scenario,4,Connected Scenario,2,course/ef-core/04-data-operations-connected/data-operations-connected.json
228,course,Entity Framework Core,5,Data Operations - Disconnected Scenario,5,Insert Data in Disconnected Scenario,1,course/ef-core/05-data-operations-disconnected/insert-data-disconnected-scenario.json
229,course,Entity Framework Core,5,Data Operations - Disconnected Scenario,5,Update Data in Disconnected Scenario,2,course/ef-core/05-data-operations-disconnected/update-data-disconnected-scenario.json
230,course,Entity Framework Core,5,Data Operations - Disconnected Scenario,5,Delete Data in Disconnected Scenario,3,course/ef-core/05-data-operations-disconnected/delete-data-disconnected-scenario.json
231,course,Entity Framework Core,5,Data Operations - Disconnected Scenario,5,Working with Disconnected Entity Graph,4,course/ef-core/05-data-operations-disconnected/working-with-disconnected-entity-graph.json
232,course,Entity Framework Core,5,Data Operations - Disconnected Scenario,5,Disconnected Scenario,5,course/ef-core/05-data-operations-disconnected/data-operations-disconnected.json
233,course,Entity Framework Core,5,Change Tracking,6,Tracking Changes of Entities,1,course/ef-core/06-change-tracking/tracking-changes-of-entities.json
234,course,Entity Framework Core,5,Change Tracking,6,Entity Framework Core Change Tracking,2,course/ef-core/06-change-tracking/entity-framework-core-change-tracking.json
235,course,Entity Framework Core,5,Change Tracking,6,TrackGraph in Entity Framework Core,3,course/ef-core/06-change-tracking/trackgraph-in-entity-framework-core.json
236,course,Entity Framework Core,5,Change Tracking,6,Change Tracking,4,course/ef-core/06-change-tracking/change-tracking.json
237,course,Entity Framework Core,5,Querying,7,Querying in Entity Framework Core,1,course/ef-core/07-querying/querying-in-entity-framework-core.json
238,course,Entity Framework Core,5,Querying,7,Execute Raw SQL Queries,2,course/ef-core/07-querying/execute-raw-sql-queries.json
239,course,Entity Framework Core,5,Querying,7,Execute Delete in Entity Framework Core,3,course/ef-core/07-querying/execute-delete-in-entity-framework-core.json
240,course,Entity Framework Core,5,Querying,7,Execute Update in Entity Framework Core,4,course/ef-core/07-querying/execute-update-in-entity-framework-core.json
241,course,Entity Framework Core,5,Querying,7,Querying Data,5,course/ef-core/07-querying/querying.json
242,course,Entity Framework Core,5,Inheritance Strategies,8,Inheritance Strategy in EF Core,1,course/ef-core/08-inheritance-strategies/inheritance-strategy-in-ef-core.json
243,course,Entity Framework Core,5,Inheritance Strategies,8,Table per Hierarchy (TPH),2,course/ef-core/08-inheritance-strategies/ef-core-table-per-hierarchy-tph.json
244,course,Entity Framework Core,5,Inheritance Strategies,8,Table per Type (TPT),3,course/ef-core/08-inheritance-strategies/ef-core-table-per-type-tpt.json
245,course,Entity Framework Core,5,Inheritance Strategies,8,Table per Concrete Type (TPC),4,course/ef-core/08-inheritance-strategies/ef-core-table-per-concrete-type-tpc.json
246,course,Entity Framework Core,5,Inheritance Strategies,8,Inheritance Strategies,5,course/ef-core/08-inheritance-strategies/inheritance-strategies.json
247,course,Entity Framework Core,5,Migrations,9,Migrations in Entity Framework Core,1,course/ef-core/09-migrations/migrations-in-entity-framework-core.json
248,course,Entity Framework Core,5,Migrations,9,EF Core Migrations using CLI,2,course/ef-core/09-migrations/ef-core-migrations-using-cli.json
249,course,Entity Framework Core,5,Migrations,9,PMC/PowerShell Commands for Migrations,3,course/ef-core/09-migrations/pmc-powershell-commands-migrations.json
250,course,Entity Framework Core,5,Migrations,9,Generate SQL Script from Model,4,course/ef-core/09-migrations/generate-sql-script-from-model.json
251,course,Entity Framework Core,5,Migrations,9,Database Migrations,5,course/ef-core/09-migrations/migrations.json
252,course,Entity Framework Core,5,Advanced Features,10,Entity Framework Core Interceptors,1,course/ef-core/10-advanced-features/entity-framework-core-interceptors.json
253,course,Entity Framework Core,5,Advanced Features,10,Shadow Property in Entity Framework Core,2,course/ef-core/10-advanced-features/shadow-property-in-entity-framework-core.json
254,course,Entity Framework Core,5,Advanced Features,10,Entity Framework Core Concurrency Conflicts,3,course/ef-core/10-advanced-features/entity-framework-core-concurrency-conflicts.json
255,course,Entity Framework Core,5,Advanced Features,10,Working with Stored Procedures,4,course/ef-core/10-advanced-features/working-with-stored-procedures.json
256,course,Entity Framework Core,5,Advanced Features,10,Advanced Features,5,course/ef-core/10-advanced-features/advanced-features.json
257,course,Entity Framework Core,5,Database-First & Diagnostics,11,EF Core with Existing Database,1,course/ef-core/11-database-first-diagnostics/entity-framework-core-with-existing-database.json
258,course,Entity Framework Core,5,Database-First & Diagnostics,11,Logging in Entity Framework Core,2,course/ef-core/11-database-first-diagnostics/logging-in-entity-framework-core.json
259,course,Entity Framework Core,5,Database-First & Diagnostics,11,Manage DB Connection String,3,course/ef-core/11-database-first-diagnostics/manage-db-connection-string.json
260,course,Entity Framework Core,5,Database-First & Diagnostics,11,Database-First Approach,4,course/ef-core/11-database-first-diagnostics/database-first-diagnostics.json
261,course,Entity Framework Core,5,Performance & Bulk Operations,12,Entity Framework Extensions Performance,1,course/ef-core/12-performance-bulk-operations/entity-framework-extensions-performance.json
262,course,Entity Framework Core,5,Performance & Bulk Operations,12,Best Ways to Do Bulk Inserts,2,course/ef-core/12-performance-bulk-operations/best-ways-bulk-inserts-entity-framework.json
263,course,Entity Framework Core,5,Performance & Bulk Operations,12,Performance Optimization,3,course/ef-core/12-performance-bulk-operations/performance-bulk-operations.json
264,course,Entity Framework Core,5,EF Core Performance & ORM Trade-offs,13,LINQ expression trees and SQL translation,1,course/ef-core/ef-core-performance-orm-trade-offs/linq-expression-trees-and-sql-translation.json
265,course,Entity Framework Core,5,EF Core Performance & ORM Trade-offs,13,Projection vs Include,2,course/ef-core/ef-core-performance-orm-trade-offs/projection-vs-include.json
266,course,Entity Framework Core,5,EF Core Performance & ORM Trade-offs,13,Tracking vs AsNoTracking,3,course/ef-core/ef-core-performance-orm-trade-offs/tracking-vs-asnotracking.json
267,course,Entity Framework Core,5,EF Core Performance & ORM Trade-offs,13,N+1 query diagnosis,4,course/ef-core/ef-core-performance-orm-trade-offs/n1-query-diagnosis.json
268,course,Entity Framework Core,5,EF Core Performance & ORM Trade-offs,13,Cartesian explosion and split queries,5,course/ef-core/ef-core-performance-orm-trade-offs/cartesian-explosion-and-split-queries.json
269,course,Entity Framework Core,5,EF Core Performance & ORM Trade-offs,13,Compiled queries,6,course/ef-core/ef-core-performance-orm-trade-offs/compiled-queries.json
270,course,Entity Framework Core,5,EF Core Performance & ORM Trade-offs,13,Client evaluation and translation failures,7,course/ef-core/ef-core-performance-orm-trade-offs/client-evaluation-and-translation-failures.json
271,course,Entity Framework Core,5,EF Core Performance & ORM Trade-offs,13,EF Core vs Dapper vs raw SQL,8,course/ef-core/ef-core-performance-orm-trade-offs/ef-core-vs-dapper-vs-raw-sql.json
272,course,Entity Framework Core,5,EF Core Performance & ORM Trade-offs,13,When to bypass the ORM,9,course/ef-core/ef-core-performance-orm-trade-offs/when-to-bypass-the-orm.json
273,course,Entity Framework Core,5,EF Core Performance & ORM Trade-offs,13,Bulk operations and large data changes,10,course/ef-core/ef-core-performance-orm-trade-offs/bulk-operations-and-large-data-changes.json
274,course,GraphQL API in .NET Core,6,Getting Started,1,Introduction to GraphQL,1,course/graphql-dotnet/01-getting-started/introduction-to-graphql.json
275,course,GraphQL API in .NET Core,6,Getting Started,1,Installing Hot Chocolate,2,course/graphql-dotnet/01-getting-started/installing-hotchocolate.json
276,course,GraphQL API in .NET Core,6,Getting Started,1,Creating Your First GraphQL Server,3,course/graphql-dotnet/01-getting-started/creating-first-graphql-server.json
277,course,GraphQL API in .NET Core,6,Getting Started,1,Project Structure and Configuration,4,course/graphql-dotnet/01-getting-started/hotchocolate-project-setup.json
278,course,GraphQL API in .NET Core,6,Schema Types,2,Schema Basics,1,course/graphql-dotnet/02-schema-types/schema-basics.json
279,course,GraphQL API in .NET Core,6,Schema Types,2,Type Definitions,2,course/graphql-dotnet/02-schema-types/type-definitions.json
280,course,GraphQL API in .NET Core,6,Schema Types,2,Input Types,3,course/graphql-dotnet/02-schema-types/input-types.json
281,course,GraphQL API in .NET Core,6,Schema Types,2,Scalars and Custom Types,4,course/graphql-dotnet/02-schema-types/scalars-custom-types.json
282,course,GraphQL API in .NET Core,6,Queries and Mutations,3,Query Basics,1,course/graphql-dotnet/03-queries-mutations/query-basics.json
283,course,GraphQL API in .NET Core,6,Queries and Mutations,3,Mutation Basics,2,course/graphql-dotnet/03-queries-mutations/mutation-basics.json
284,course,GraphQL API in .NET Core,6,Queries and Mutations,3,Subscriptions,3,course/graphql-dotnet/03-queries-mutations/subscriptions.json
285,course,GraphQL API in .NET Core,6,Queries and Mutations,3,Resolvers,4,course/graphql-dotnet/03-queries-mutations/resolvers.json
286,course,GraphQL API in .NET Core,6,Filtering and Pagination,4,Filtering Basics,1,course/graphql-dotnet/04-filtering-pagination/filtering-basics.json
287,course,GraphQL API in .NET Core,6,Filtering and Pagination,4,Pagination Basics,2,course/graphql-dotnet/04-filtering-pagination/pagination-basics.json
288,course,GraphQL API in .NET Core,6,Filtering and Pagination,4,Complex Filters,3,course/graphql-dotnet/04-filtering-pagination/complex-filters.json
289,course,GraphQL API in .NET Core,6,Filtering and Pagination,4,Performance with Pagination,4,course/graphql-dotnet/04-filtering-pagination/performance-pagination.json
290,course,GraphQL API in .NET Core,6,Authentication,5,Authentication Basics,1,course/graphql-dotnet/05-authentication/auth-basics.json
291,course,GraphQL API in .NET Core,6,Authentication,5,Authorization,2,course/graphql-dotnet/05-authentication/authorization.json
292,course,GraphQL API in .NET Core,6,Authentication,5,JWT Integration,3,course/graphql-dotnet/05-authentication/jwt-integration.json
293,course,GraphQL API in .NET Core,6,Authentication,5,ASP.NET Core Identity,4,course/graphql-dotnet/05-authentication/identity-integration.json
294,course,GraphQL API in .NET Core,6,Performance,6,DataLoader,1,course/graphql-dotnet/06-performance/dataloader.json
295,course,GraphQL API in .NET Core,6,Performance,6,Caching Strategies,2,course/graphql-dotnet/06-performance/caching.json
296,course,GraphQL API in .NET Core,6,Performance,6,Query Complexity Analysis,3,course/graphql-dotnet/06-performance/query-complexity.json
297,course,GraphQL API in .NET Core,6,Performance,6,Persisted Queries,4,course/graphql-dotnet/06-performance/persisted-queries.json
298,course,GraphQL API in .NET Core,6,Error Handling,7,Error Handling Basics,1,course/graphql-dotnet/07-error-handling/error-handling-basics.json
299,course,GraphQL API in .NET Core,6,Error Handling,7,Custom Exceptions,2,course/graphql-dotnet/07-error-handling/custom-exceptions.json
300,course,Unit Testing in .NET,7,Testing Fundamentals,1,Why Unit Testing,1,course/unit-testing-dotnet/01-testing-fundamentals/why-unit-testing.json
301,course,Unit Testing in .NET,7,Testing Fundamentals,1,Testing Pyramid,2,course/unit-testing-dotnet/01-testing-fundamentals/testing-pyramid.json
302,course,Unit Testing in .NET,7,Testing Fundamentals,1,Arrange-Act-Assert,3,course/unit-testing-dotnet/01-testing-fundamentals/arrange-act-assert.json
303,course,Unit Testing in .NET,7,Testing Fundamentals,1,Test Naming Conventions,4,course/unit-testing-dotnet/01-testing-fundamentals/test-naming-conventions.json
304,course,Unit Testing in .NET,7,xUnit Framework,2,Getting Started with xUnit,1,course/unit-testing-dotnet/02-xunit-basics/getting-started-xunit.json
305,course,Unit Testing in .NET,7,xUnit Framework,2,Assertions in xUnit,2,course/unit-testing-dotnet/02-xunit-basics/assertions.json
306,course,Unit Testing in .NET,7,xUnit Framework,2,Test Fixtures,3,course/unit-testing-dotnet/02-xunit-basics/test-fixtures.json
307,course,Unit Testing in .NET,7,xUnit Framework,2,Data-Driven Tests,4,course/unit-testing-dotnet/02-xunit-basics/data-driven-tests.json
308,course,Unit Testing in .NET,7,Mocking and Fakes,3,Mocking Basics,1,course/unit-testing-dotnet/03-mocking-fakes/mocking-basics.json
309,course,Unit Testing in .NET,7,Mocking and Fakes,3,Moq Framework,2,course/unit-testing-dotnet/03-mocking-fakes/moq-framework.json
310,course,Unit Testing in .NET,7,Mocking and Fakes,3,Stubs and Fakes,3,course/unit-testing-dotnet/03-mocking-fakes/stubs-fakes.json
311,course,Unit Testing in .NET,7,Mocking and Fakes,3,Verification,4,course/unit-testing-dotnet/03-mocking-fakes/verification.json
312,course,Unit Testing in .NET,7,Integration Testing,4,Integration Testing Basics,1,course/unit-testing-dotnet/04-integration-testing/integration-testing-basics.json
313,course,Unit Testing in .NET,7,Integration Testing,4,TestServer for API Testing,2,course/unit-testing-dotnet/04-integration-testing/test-server.json
314,course,Unit Testing in .NET,7,Integration Testing,4,Database Testing,3,course/unit-testing-dotnet/04-integration-testing/database-testing.json
315,course,Unit Testing in .NET,7,Integration Testing,4,API Testing,4,course/unit-testing-dotnet/04-integration-testing/api-testing.json
316,course,Unit Testing in .NET,7,Test-Driven Development,5,TDD Introduction,1,course/unit-testing-dotnet/05-tdd/tdd-intro.json
317,course,Unit Testing in .NET,7,Test-Driven Development,5,Red-Green-Refactor,2,course/unit-testing-dotnet/05-tdd/red-green-refactor.json
318,course,Unit Testing in .NET,7,Test-Driven Development,5,TDD Patterns,3,course/unit-testing-dotnet/05-tdd/tdd-patterns.json
319,course,Unit Testing in .NET,7,Test-Driven Development,5,TDD with ASP.NET Core,4,course/unit-testing-dotnet/05-tdd/tdd-aspnet-core.json
320,course,Unit Testing in .NET,7,Testing Patterns,6,Test Data Builders,1,course/unit-testing-dotnet/06-testing-patterns/test-data-builders.json
321,course,Unit Testing in .NET,7,Testing Patterns,6,Assertion Frameworks,2,course/unit-testing-dotnet/06-testing-patterns/assertion-frameworks.json
322,course,Unit Testing in .NET,7,Testing Patterns,6,Flaky Tests,3,course/unit-testing-dotnet/06-testing-patterns/flaky-tests.json
323,course,Unit Testing in .NET,7,Code Coverage,7,Coverage Metrics,1,course/unit-testing-dotnet/07-code-coverage/coverage-metrics.json
324,course,Unit Testing in .NET,7,Code Coverage,7,Coverlet Collector,2,course/unit-testing-dotnet/07-code-coverage/coverlet-collector.json
325,course,Unit Testing in .NET,7,Code Coverage,7,Coverage Reporting,3,course/unit-testing-dotnet/07-code-coverage/coverage-reporting.json
326,course,React Fundamentals,21,Getting Started with React,1,What is React?,1,course/react-fundamentals/01-getting-started/what-is-react.json
327,course,React Fundamentals,21,Getting Started with React,1,Setting Up Your Environment,2,course/react-fundamentals/01-getting-started/setting-up-environment.json
328,course,React Fundamentals,21,Getting Started with React,1,JSX Basics,3,course/react-fundamentals/01-getting-started/jsx-basics.json
329,course,React Fundamentals,21,Getting Started with React,1,Your First React App,4,course/react-fundamentals/01-getting-started/first-react-app.json
330,course,React Fundamentals,21,Components and Props,2,Functional Components,1,course/react-fundamentals/02-components-props/functional-components.json
331,course,React Fundamentals,21,Components and Props,2,Props Basics,2,course/react-fundamentals/02-components-props/props-basics.json
332,course,React Fundamentals,21,Components and Props,2,Advanced Props Patterns,3,course/react-fundamentals/02-components-props/props-advanced.json
333,course,React Fundamentals,21,Components and Props,2,Composing Components,4,course/react-fundamentals/02-components-props/composing-components.json
334,course,React Fundamentals,21,Components and Props,2,Conditional Rendering,5,course/react-fundamentals/02-components-props/conditional-rendering.json
335,course,React Fundamentals,21,Components and Props,2,Lists and Keys,6,course/react-fundamentals/02-components-props/lists-and-keys.json
336,course,React Fundamentals,21,State and Events,3,The useState Hook,1,course/react-fundamentals/03-state-events/useState-hook.json
337,course,React Fundamentals,21,State and Events,3,Handling Events,2,course/react-fundamentals/03-state-events/handling-events.json
338,course,React Fundamentals,21,State and Events,3,State Best Practices,3,course/react-fundamentals/03-state-events/state-best-practices.json
339,course,React Fundamentals,21,State and Events,3,Controlled Components,4,course/react-fundamentals/03-state-events/controlled-components.json
340,course,React Fundamentals,21,Forms and User Input,4,Form Validation,1,course/react-fundamentals/04-forms-input/form-validation.json
341,course,React Fundamentals,21,Forms and User Input,4,Form Submission,2,course/react-fundamentals/04-forms-input/form-submission.json
342,course,React Fundamentals,21,Forms and User Input,4,Multi-Step Forms,3,course/react-fundamentals/04-forms-input/multi-step-forms.json
343,course,React Fundamentals,21,Forms and User Input,4,File Uploads,4,course/react-fundamentals/04-forms-input/file-uploads.json
344,course,React Fundamentals,21,Lifecycle and Effects,5,The useEffect Hook,1,course/react-fundamentals/05-lifecycle-effects/useeffect-basics.json
345,course,React Fundamentals,21,Lifecycle and Effects,5,Cleanup Functions,2,course/react-fundamentals/05-lifecycle-effects/cleanup-functions.json
346,course,React Fundamentals,21,Lifecycle and Effects,5,Fetching Data,3,course/react-fundamentals/05-lifecycle-effects/fetching-data.json
347,course,React Fundamentals,21,Lifecycle and Effects,5,Custom Hooks,4,course/react-fundamentals/05-lifecycle-effects/custom-hooks.json
348,course,React Fundamentals,21,Lifecycle and Effects,5,Error Boundaries,5,course/react-fundamentals/05-lifecycle-effects/error-boundaries.json
349,course,React Fundamentals,21,Context and Refs,6,React Context,1,course/react-fundamentals/06-context-refs/react-context.json
350,course,React Fundamentals,21,Context and Refs,6,The useContext Hook,2,course/react-fundamentals/06-context-refs/usecontext-hook.json
351,course,React Fundamentals,21,Context and Refs,6,The useRef Hook,3,course/react-fundamentals/06-context-refs/useref-hook.json
352,course,React Fundamentals,21,Context and Refs,6,Forwarding Refs,4,course/react-fundamentals/06-context-refs/forwarding-refs.json
353,course,React Fundamentals,21,React Router,7,Routing Basics,1,course/react-fundamentals/07-react-router/routing-basics.json
354,course,React Fundamentals,21,React Router,7,Nested Routes,2,course/react-fundamentals/07-react-router/nested-routes.json
355,course,React Fundamentals,21,React Router,7,Route Parameters,3,course/react-fundamentals/07-react-router/route-params.json
356,course,React Fundamentals,21,React Router,7,Programmatic Navigation,4,course/react-fundamentals/07-react-router/navigation.json
357,course,React Fundamentals,21,Styling in React,8,CSS Modules,1,course/react-fundamentals/08-styling/css-modules.json
358,course,React Fundamentals,21,Styling in React,8,Styled Components,2,course/react-fundamentals/08-styling/styled-components.json
359,course,React Fundamentals,21,Styling in React,8,Tailwind CSS,3,course/react-fundamentals/08-styling/tailwind-css.json
360,course,React Fundamentals,21,Styling in React,8,Inline Styles,4,course/react-fundamentals/08-styling/inline-styles.json
361,course,React Fundamentals,21,Performance Optimization,9,Performance Optimization,1,course/react-fundamentals/09-performance-optimization/performance-optimization.json
362,course,React Fundamentals,21,Performance Optimization,9,React 19 Features,2,course/react-fundamentals/09-performance-optimization/react-19-features.json
363,course,React Fundamentals,21,React Internals & Modern Rendering,10,Render phase vs commit phase,1,course/react-fundamentals/react-internals-modern-rendering/render-phase-vs-commit-phase.json
364,course,React Fundamentals,21,React Internals & Modern Rendering,10,Reconciliation and component identity,2,course/react-fundamentals/react-internals-modern-rendering/reconciliation-and-component-identity.json
365,course,React Fundamentals,21,React Internals & Modern Rendering,10,Fiber and scheduling concepts,3,course/react-fundamentals/react-internals-modern-rendering/fiber-and-scheduling-concepts.json
366,course,React Fundamentals,21,React Internals & Modern Rendering,10,Concurrent rendering,4,course/react-fundamentals/react-internals-modern-rendering/concurrent-rendering.json
367,course,React Fundamentals,21,React Internals & Modern Rendering,10,Suspense and asynchronous UI,5,course/react-fundamentals/react-internals-modern-rendering/suspense-and-asynchronous-ui.json
368,course,React Fundamentals,21,React Internals & Modern Rendering,10,Hydration and hydration mismatches,6,course/react-fundamentals/react-internals-modern-rendering/hydration-and-hydration-mismatches.json
369,course,React Fundamentals,21,React Internals & Modern Rendering,10,Server Components vs Client Components,7,course/react-fundamentals/react-internals-modern-rendering/server-components-vs-client-components.json
370,course,React Fundamentals,21,React Internals & Modern Rendering,10,Error boundaries and failure isolation,8,course/react-fundamentals/react-internals-modern-rendering/error-boundaries-and-failure-isolation.json
371,course,React Query,22,Query Basics,1,What is React Query,1,course/react-query/01-query-basics/what-is-react-query.json
372,course,React Query,22,Query Basics,1,Setup,2,course/react-query/01-query-basics/setup.json
373,course,React Query,22,Query Basics,1,Query Client,3,course/react-query/01-query-basics/query-client.json
374,course,React Query,22,Query Basics,1,Your First Query,4,course/react-query/01-query-basics/first-query.json
375,course,React Query,22,Query Hooks,2,Query Options,1,course/react-query/02-query-hooks/query-options.json
376,course,React Query,22,Query Hooks,2,Initial Data & Placeholder Data,2,course/react-query/02-query-hooks/initial-data-placeholder.json
377,course,React Query,22,Query Hooks,2,Pagination,3,course/react-query/02-query-hooks/pagination.json
378,course,React Query,22,Query Hooks,2,Infinite Queries,4,course/react-query/02-query-hooks/infinite-queries.json
379,course,React Query,22,Query Hooks,2,Dependent Queries,5,course/react-query/02-query-hooks/dependent-queries.json
380,course,React Query,22,Mutations,3,useMutation,1,course/react-query/03-mutations/use-mutation.json
381,course,React Query,22,Mutations,3,Optimistic Updates,2,course/react-query/03-mutations/optimistic-updates.json
382,course,React Query,22,Mutations,3,Query Invalidation,3,course/react-query/03-mutations/invalidation.json
383,course,React Query,22,Advanced Features,4,React Suspense,1,course/react-query/04-advanced-features/suspense.json
384,course,React Query,22,Advanced Features,4,Query Cancellation,2,course/react-query/04-advanced-features/query-cancellation.json
385,course,React Query,22,Advanced Features,4,Custom Query Hooks,3,course/react-query/04-advanced-features/custom-hooks.json
386,course,React Query,22,Advanced Features,4,Error Handling Strategies,4,course/react-query/04-advanced-features/error-handling-strategies.json
387,course,React Query,22,Caching Strategies,5,Cache Configuration,1,course/react-query/05-caching-strategies/cache-configuration.json
388,course,React Query,22,Caching Strategies,5,Stale Time & Garbage Collection,2,course/react-query/05-caching-strategies/stale-time-gc.json
389,course,React Query,22,Caching Strategies,5,Cache Invalidation,3,course/react-query/05-caching-strategies/cache-invalidation.json
390,course,React Query,22,Caching Strategies,5,Background Refetching,4,course/react-query/05-caching-strategies/background-refetching.json
391,course,React Query,22,Caching Strategies,5,Cache Persistence,5,course/react-query/05-caching-strategies/cache-persistence.json
392,course,React Query,22,Offline Support & Persistence,6,Persistence Basics,1,course/react-query/06-offline-support-persistence/persistence-basics.json
393,course,React Query,22,Offline Support & Persistence,6,IndexedDB Persistence,2,course/react-query/06-offline-support-persistence/indexeddb-persistence.json
394,course,React Query,22,Offline Support & Persistence,6,Network Interruption Handling,3,course/react-query/06-offline-support-persistence/network-interruption-handling.json
395,course,React Query,22,Offline Support & Persistence,6,Background Sync,4,course/react-query/06-offline-support-persistence/background-sync.json
396,course,React Query,22,Prefetching & SSR,7,Prefetching Strategies,1,course/react-query/07-prefetching-ssr/prefetching-strategies.json
397,course,React Query,22,Prefetching & SSR,7,SSR Integration with Next.js,2,course/react-query/07-prefetching-ssr/ssr-integration-nextjs.json
398,course,React Query,22,Prefetching & SSR,7,Hydration Strategies,3,course/react-query/07-prefetching-ssr/hydration-strategies.json
399,course,React Query,22,Prefetching & SSR,7,Advanced Prefetch Patterns,4,course/react-query/07-prefetching-ssr/prefetch-patterns.json
400,course,React Query,22,Performance & Optimization,8,Selective Fetching,1,course/react-query/08-performance-optimization/selective-fetching.json
401,course,React Query,22,Performance & Optimization,8,Windowing Large Lists,2,course/react-query/08-performance-optimization/windowing-large-lists.json
402,course,React Query,22,Performance & Optimization,8,Memoization Strategies,3,course/react-query/08-performance-optimization/memoization-strategies.json
403,course,React Query,22,Performance & Optimization,8,Profiling and Debugging,4,course/react-query/08-performance-optimization/profiling-debugging.json
404,course,React Query,22,Real-World Patterns,9,Authentication Flows & Token Refresh,1,course/react-query/09-real-world-patterns/auth-flows-token-refresh.json
405,course,React Query,22,Real-World Patterns,9,Form Integration,2,course/react-query/09-real-world-patterns/form-integration.json
406,course,React Query,22,Real-World Patterns,9,Polling & Real-Time Data,3,course/react-query/09-real-world-patterns/polling-real-time-data.json
407,course,React Query,22,Real-World Patterns,9,Migration Patterns,4,course/react-query/09-real-world-patterns/migration-patterns.json
408,course,Redux,23,Redux Fundamentals,1,The Three Principles of Redux,1,course/redux/01-redux-fundamentals/three-principles.json
409,course,Redux,23,Redux Fundamentals,1,What is Redux,2,course/redux/01-redux-fundamentals/what-is-redux.json
410,course,Redux,23,Redux Fundamentals,1,"Store, Actions, and Reducers",3,course/redux/01-redux-fundamentals/store-actions-reducers.json
411,course,Redux,23,Redux Fundamentals,1,Immutability,4,course/redux/01-redux-fundamentals/immutability.json
412,course,Redux,23,Redux Fundamentals,1,Redux DevTools,5,course/redux/01-redux-fundamentals/devtools.json
413,course,Redux,23,Redux Toolkit,2,configureStore,1,course/redux/02-redux-toolkit/configure-store.json
414,course,Redux,23,Redux Toolkit,2,createSlice,2,course/redux/02-redux-toolkit/create-slice.json
415,course,Redux,23,Redux Toolkit,2,createAsyncThunk,3,course/redux/02-redux-toolkit/create-async-thunk.json
416,course,Redux,23,Redux Toolkit,2,extraReducers,4,course/redux/02-redux-toolkit/extra-reducers.json
417,course,Redux,23,React-Redux,3,Provider,1,course/redux/03-react-redux/provider.json
418,course,Redux,23,React-Redux,3,useSelector,2,course/redux/03-react-redux/use-selector.json
419,course,Redux,23,React-Redux,3,useDispatch,3,course/redux/03-react-redux/use-dispatch.json
420,course,Redux,23,Redux Middleware,4,Middleware Basics,1,course/redux/04-redux-middleware/middleware-basics.json
421,course,Redux,23,Redux Middleware,4,Redux Thunk,2,course/redux/04-redux-middleware/redux-thunk.json
422,course,Redux,23,Redux Middleware,4,Redux Saga,3,course/redux/04-redux-middleware/redux-saga.json
423,course,Redux,23,Redux Middleware,4,Middleware Composition,4,course/redux/04-redux-middleware/middleware-composition.json
424,course,Redux,23,Redux Patterns,5,Normalizing State,1,course/redux/05-redux-patterns/normalizing-state.json
425,course,Redux,23,Redux Patterns,5,Entity Adapter,2,course/redux/05-redux-patterns/entity-adapter.json
426,course,Redux,23,Redux Patterns,5,RTK Query,3,course/redux/05-redux-patterns/rtk-query.json
427,course,Redux,23,Redux Patterns,5,Derived Data with Selectors,4,course/redux/05-redux-patterns/derived-data.json
428,course,Redux,23,Redux Testing,6,Testing Reducers,1,course/redux/06-redux-testing/testing-reducers.json
429,course,Redux,23,Redux Testing,6,Testing Async Thunks,2,course/redux/06-redux-testing/testing-async.json
430,course,Redux,23,Redux Testing,6,Testing Connected Components,3,course/redux/06-redux-testing/testing-components.json
431,course,Redux,23,Advanced Redux Concepts,7,Custom Redux Hooks,1,course/redux/07-redux-advanced-concepts/custom-hooks.json
432,course,Redux,23,Advanced Redux Concepts,7,Store Initialization and Hydration,2,course/redux/07-redux-advanced-concepts/store-initialization.json
433,course,Redux,23,Advanced Redux Concepts,7,Performance Optimization,3,course/redux/07-redux-advanced-concepts/performance-optimization.json
434,course,Redux,23,Advanced Redux Concepts,7,Code Splitting and Dynamic Reducers,4,course/redux/07-redux-advanced-concepts/code-splitting.json
435,course,Redux,23,Redux in Real-World Applications,8,Redux Project Structure,1,course/redux/08-redux-real-world/project-structure.json
436,course,Redux,23,Redux in Real-World Applications,8,Authentication Flow,2,course/redux/08-redux-real-world/authentication-flow.json
437,course,Redux,23,Redux in Real-World Applications,8,Error Handling in Redux,3,course/redux/08-redux-real-world/error-handling.json
438,course,Redux,23,Redux in Real-World Applications,8,Deployment and Production Setup,4,course/redux/08-redux-real-world/deployment-setup.json
439,course,Redux,23,Redux in Real-World Applications,8,Offline Support and State Persistence,5,course/redux/08-redux-real-world/offline-support.json
440,course,React Advanced Patterns,24,Render Props,1,Render Props Basics,1,course/react-advanced-patterns/01-render-props/render-props-basics.json
441,course,React Advanced Patterns,24,Render Props,1,Render Props Examples,2,course/react-advanced-patterns/01-render-props/render-props-examples.json
442,course,React Advanced Patterns,24,Render Props,1,Render Props vs Hooks,3,course/react-advanced-patterns/01-render-props/render-props-vs-hooks.json
443,course,React Advanced Patterns,24,Higher-Order Components,2,HOC Basics,1,course/react-advanced-patterns/02-higher-order-components/hoc-basics.json
444,course,React Advanced Patterns,24,Higher-Order Components,2,HOC Examples,2,course/react-advanced-patterns/02-higher-order-components/hoc-examples.json
445,course,React Advanced Patterns,24,Higher-Order Components,2,HOC Composition,3,course/react-advanced-patterns/02-higher-order-components/hoc-composition.json
446,course,React Advanced Patterns,24,Compound Components,3,Compound Components Basics,1,course/react-advanced-patterns/03-compound-components/compound-basics.json
447,course,React Advanced Patterns,24,Compound Components,3,Compound Component Examples,2,course/react-advanced-patterns/03-compound-components/compound-examples.json
448,course,React Advanced Patterns,24,Compound Components,3,Compound Components with Context,3,course/react-advanced-patterns/03-compound-components/compound-with-context.json
449,course,React Advanced Patterns,24,State Reducers,4,State Reducer Basics,1,course/react-advanced-patterns/04-state-reducers/state-reducer-basics.json
450,course,React Advanced Patterns,24,State Reducers,4,State Reducer Examples,2,course/react-advanced-patterns/04-state-reducers/state-reducer-examples.json
451,course,React Advanced Patterns,24,State Reducers,4,State Reducer Composition,3,course/react-advanced-patterns/04-state-reducers/state-reducer-composition.json
452,course,React Advanced Patterns,24,Control Props,5,Control Props Basics,1,course/react-advanced-patterns/05-control-props/control-props-basics.json
453,course,React Advanced Patterns,24,Control Props,5,Control Props Examples,2,course/react-advanced-patterns/05-control-props/control-props-examples.json
454,course,React Advanced Patterns,24,Control Props,5,Control Props with Forms,3,course/react-advanced-patterns/05-control-props/control-props-with-forms.json
455,course,React Advanced Patterns,24,Performance Patterns,6,Memoization Basics,1,course/react-advanced-patterns/06-performance-patterns/memoization-basics.json
456,course,React Advanced Patterns,24,Performance Patterns,6,Code Splitting and Lazy Loading,2,course/react-advanced-patterns/06-performance-patterns/code-splitting-lazy.json
457,course,React Advanced Patterns,24,Performance Patterns,6,Virtualization for Large Lists,3,course/react-advanced-patterns/06-performance-patterns/virtualization-large-lists.json
458,course,React Advanced Patterns,24,Performance Patterns,6,Render Optimization Strategies,4,course/react-advanced-patterns/06-performance-patterns/render-optimization.json
459,course,React Advanced Patterns,24,Custom Hooks Architecture,7,Hook Composition Patterns,1,course/react-advanced-patterns/07-custom-hooks-architecture/hook-composition-patterns.json
460,course,React Advanced Patterns,24,Custom Hooks Architecture,7,State Sharing Between Hooks,2,course/react-advanced-patterns/07-custom-hooks-architecture/state-sharing-between-hooks.json
461,course,React Advanced Patterns,24,Custom Hooks Architecture,7,Hook Error Handling,3,course/react-advanced-patterns/07-custom-hooks-architecture/hook-error-handling.json
462,course,React Advanced Patterns,24,Custom Hooks Architecture,7,Building Hook Libraries,4,course/react-advanced-patterns/07-custom-hooks-architecture/building-hook-libraries.json
463,course,React Advanced Patterns,24,State Machines & XState,8,Finite State Machines,1,course/react-advanced-patterns/08-state-machines-xstate/finite-state-machines.json
464,course,React Advanced Patterns,24,State Machines & XState,8,XState Fundamentals,2,course/react-advanced-patterns/08-state-machines-xstate/xstate-fundamentals.json
465,course,React Advanced Patterns,24,State Machines & XState,8,Statecharts Advanced,3,course/react-advanced-patterns/08-state-machines-xstate/statecharts-advanced.json
466,course,React Advanced Patterns,24,State Machines & XState,8,Integrating XState with React,4,course/react-advanced-patterns/08-state-machines-xstate/integrating-xstate-react.json
467,course,React Advanced Patterns,24,Component Composition Strategies,9,Slot Pattern,1,course/react-advanced-patterns/09-component-composition-strategies/slot-pattern.json
468,course,React Advanced Patterns,24,Component Composition Strategies,9,Headless Components,2,course/react-advanced-patterns/09-component-composition-strategies/headless-components.json
469,course,React Advanced Patterns,24,Component Composition Strategies,9,Polymorphic Components,3,course/react-advanced-patterns/09-component-composition-strategies/polymorphic-components.json
470,course,React Advanced Patterns,24,Component Composition Strategies,9,Layout Composition,4,course/react-advanced-patterns/09-component-composition-strategies/layout-composition.json
471,course,React Advanced Patterns,24,Component Composition Strategies,9,Flexible Component APIs,5,course/react-advanced-patterns/09-component-composition-strategies/flexible-component-apis.json
472,course,React Advanced Patterns,24,Advanced Hook Patterns,10,Reducer Hooks Patterns,1,course/react-advanced-patterns/10-advanced-hook-patterns/reducer-hooks-patterns.json
473,course,React Advanced Patterns,24,Advanced Hook Patterns,10,Imperative Handle Patterns,2,course/react-advanced-patterns/10-advanced-hook-patterns/imperative-handle-patterns.json
474,course,React Advanced Patterns,24,Advanced Hook Patterns,10,Layout Effect Patterns,3,course/react-advanced-patterns/10-advanced-hook-patterns/layout-effect-patterns.json
475,course,React Advanced Patterns,24,Advanced Hook Patterns,10,Custom Hook Testing,4,course/react-advanced-patterns/10-advanced-hook-patterns/custom-hook-testing.json
476,course,React Advanced Patterns,24,Advanced Hook Patterns,10,Hook Best Practices,5,course/react-advanced-patterns/10-advanced-hook-patterns/hook-best-practices.json
477,course,React Advanced Patterns,24,Modern State & Application Architecture,11,Local state vs server state vs URL state,1,course/react-advanced-patterns/modern-state-application-architecture/local-state-vs-server-state-vs-url-state.json
478,course,React Advanced Patterns,24,Modern State & Application Architecture,11,When to use Context and when not to,2,course/react-advanced-patterns/modern-state-application-architecture/when-to-use-context-and-when-not-to.json
479,course,React Advanced Patterns,24,Modern State & Application Architecture,11,Redux as an application architecture tool,3,course/react-advanced-patterns/modern-state-application-architecture/redux-as-an-application-architecture-tool.json
480,course,React Advanced Patterns,24,Modern State & Application Architecture,11,React Query/server cache architecture,4,course/react-advanced-patterns/modern-state-application-architecture/react-queryserver-cache-architecture.json
481,course,React Advanced Patterns,24,Modern State & Application Architecture,11,Derived state and avoiding duplicated state,5,course/react-advanced-patterns/modern-state-application-architecture/derived-state-and-avoiding-duplicated-state.json
482,course,React Advanced Patterns,24,Modern State & Application Architecture,11,Optimistic updates and rollback,6,course/react-advanced-patterns/modern-state-application-architecture/optimistic-updates-and-rollback.json
483,course,React Advanced Patterns,24,Modern State & Application Architecture,11,State synchronization across browser tabs,7,course/react-advanced-patterns/modern-state-application-architecture/state-synchronization-across-browser-tabs.json
484,course,React Advanced Patterns,24,Modern State & Application Architecture,11,Choosing state ownership boundaries,8,course/react-advanced-patterns/modern-state-application-architecture/choosing-state-ownership-boundaries.json
485,course,.NET NuGet Packages,25,NuGet Fundamentals,1,What is NuGet?,1,course/dotnet-nuget-packages/01-nuget-fundamentals/what-is-nuget.json
486,course,.NET NuGet Packages,25,Logging and Monitoring,1,Serilog,1,course/dotnet-nuget-packages/logging-monitoring/serilog.json
487,course,TypeScript for React,25,TypeScript Basics,1,What is TypeScript,1,course/typescript-for-react/01-typescript-basics/what-is-typescript.json
488,course,.NET NuGet Packages,25,NuGet Fundamentals,1,Installing Packages,2,course/dotnet-nuget-packages/01-nuget-fundamentals/installing-packages.json
489,course,.NET NuGet Packages,25,Logging and Monitoring,1,NLog,2,course/dotnet-nuget-packages/logging-monitoring/nlog.json
490,course,TypeScript for React,25,TypeScript Basics,1,Basic Types,2,course/typescript-for-react/01-typescript-basics/basic-types.json
491,course,.NET NuGet Packages,25,NuGet Fundamentals,1,Creating NuGet Packages,3,course/dotnet-nuget-packages/01-nuget-fundamentals/creating-packages.json
492,course,.NET NuGet Packages,25,Logging and Monitoring,1,log4net,3,course/dotnet-nuget-packages/logging-monitoring/log4net.json
493,course,TypeScript for React,25,TypeScript Basics,1,Interfaces and Type Aliases,3,course/typescript-for-react/01-typescript-basics/interfaces-types.json
494,course,.NET NuGet Packages,25,NuGet Fundamentals,1,NuGet.Config,4,course/dotnet-nuget-packages/01-nuget-fundamentals/nuget-config.json
495,course,.NET NuGet Packages,25,Logging and Monitoring,1,Seq,4,course/dotnet-nuget-packages/logging-monitoring/seq.json
496,course,TypeScript for React,25,TypeScript Basics,1,Function Types,4,course/typescript-for-react/01-typescript-basics/functions-types.json
497,course,.NET NuGet Packages,25,Logging and Monitoring,1,Elasticsearch,5,course/dotnet-nuget-packages/logging-monitoring/elasticsearch.json
498,course,TypeScript for React,25,TypeScript Basics,1,Enums and Literal Types,5,course/typescript-for-react/01-typescript-basics/enums-and-literal-types.json
499,course,.NET NuGet Packages,25,Logging and Monitoring,1,Prometheus,6,course/dotnet-nuget-packages/logging-monitoring/prometheus.json
500,course,TypeScript for React,25,TypeScript Basics,1,Type Assertions and `as`,6,course/typescript-for-react/01-typescript-basics/type-assertions-and-as.json
501,course,.NET NuGet Packages,25,Logging and Monitoring,1,Application Insights,7,course/dotnet-nuget-packages/logging-monitoring/application-insights.json
502,course,.NET NuGet Packages,25,Logging and Monitoring,1,OpenTelemetry,8,course/dotnet-nuget-packages/logging-monitoring/opentelemetry.json
503,course,.NET NuGet Packages,25,Core Extensions,2,Microsoft.Extensions.Options,1,course/dotnet-nuget-packages/02-core-extensions/microsoft-extensions-options.json
504,course,.NET NuGet Packages,25,Validation and Authorization,2,FluentValidation,1,course/dotnet-nuget-packages/validation-authorization/fluentvalidation.json
505,course,TypeScript for React,25,Types in React,2,Typing Components,1,course/typescript-for-react/02-types-in-react/typing-components.json
506,course,.NET NuGet Packages,25,Core Extensions,2,Microsoft.Extensions.Logging,2,course/dotnet-nuget-packages/02-core-extensions/microsoft-extensions-logging.json
507,course,.NET NuGet Packages,25,Validation and Authorization,2,DataAnnotations,2,course/dotnet-nuget-packages/validation-authorization/dataannotations.json
508,course,TypeScript for React,25,Types in React,2,Typing Props,2,course/typescript-for-react/02-types-in-react/typing-props.json
509,course,.NET NuGet Packages,25,Core Extensions,2,Microsoft.Extensions.Configuration,3,course/dotnet-nuget-packages/02-core-extensions/microsoft-extensions-configuration.json
510,course,.NET NuGet Packages,25,Validation and Authorization,2,IdentityServer,3,course/dotnet-nuget-packages/validation-authorization/identityserver.json
511,course,TypeScript for React,25,Types in React,2,Typing State,3,course/typescript-for-react/02-types-in-react/typing-state.json
512,course,.NET NuGet Packages,25,Core Extensions,2,Microsoft.Extensions.DependencyInjection,4,course/dotnet-nuget-packages/02-core-extensions/microsoft-extensions-dependencyinjection.json
513,course,.NET NuGet Packages,25,Validation and Authorization,2,OpenIddict,4,course/dotnet-nuget-packages/validation-authorization/openiddict.json
514,course,TypeScript for React,25,Types in React,2,Typing Events,4,course/typescript-for-react/02-types-in-react/typing-events.json
515,course,.NET NuGet Packages,25,Validation and Authorization,2,JWT Bearer Authentication,5,course/dotnet-nuget-packages/validation-authorization/jwtbearer.json
516,course,TypeScript for React,25,Types in React,2,Typing Children and Special Props,5,course/typescript-for-react/02-types-in-react/typing-children-and-special-props.json
517,course,.NET NuGet Packages,25,Validation and Authorization,2,Policy-Based Authorization,6,course/dotnet-nuget-packages/validation-authorization/policy-server.json
518,course,.NET NuGet Packages,25,ASP.NET Core and Web,3,Microsoft.AspNetCore.Mvc,1,course/dotnet-nuget-packages/03-aspnet-web/microsoft-aspnetcore-mvc.json
519,course,.NET NuGet Packages,25,HTTP Clients and Resilience,3,Refit,1,course/dotnet-nuget-packages/http-clients-resilience/refit.json
520,course,TypeScript for React,25,Typing Hooks,3,Typing useEffect,1,course/typescript-for-react/03-typing-hooks/typing-useeffect.json
521,course,.NET NuGet Packages,25,ASP.NET Core and Web,3,Microsoft.AspNetCore.Authentication,2,course/dotnet-nuget-packages/03-aspnet-web/microsoft-aspnetcore-authentication.json
522,course,.NET NuGet Packages,25,HTTP Clients and Resilience,3,Flurl,2,course/dotnet-nuget-packages/http-clients-resilience/flurl.json
523,course,TypeScript for React,25,Typing Hooks,3,Typing useRef,2,course/typescript-for-react/03-typing-hooks/typing-useref.json
524,course,.NET NuGet Packages,25,ASP.NET Core and Web,3,Microsoft.AspNetCore.Authorization,3,course/dotnet-nuget-packages/03-aspnet-web/microsoft-aspnetcore-authorization.json
525,course,.NET NuGet Packages,25,HTTP Clients and Resilience,3,RestSharp,3,course/dotnet-nuget-packages/http-clients-resilience/restsharp.json
526,course,TypeScript for React,25,Typing Hooks,3,Custom Hooks with Types,3,course/typescript-for-react/03-typing-hooks/custom-hooks-types.json
527,course,.NET NuGet Packages,25,ASP.NET Core and Web,3,Microsoft.AspNetCore.Cors,4,course/dotnet-nuget-packages/03-aspnet-web/microsoft-aspnetcore-cors.json
528,course,.NET NuGet Packages,25,HTTP Clients and Resilience,3,Polly,4,course/dotnet-nuget-packages/http-clients-resilience/polly.json
529,course,TypeScript for React,25,Typing Hooks,3,Typing useContext and Redux Hooks,4,course/typescript-for-react/03-typing-hooks/typing-usecontext-and-redux.json
530,course,.NET NuGet Packages,25,HTTP Clients and Resilience,3,Polly.Contrib.Simmy,5,course/dotnet-nuget-packages/http-clients-resilience/polly-simmy.json
531,course,TypeScript for React,25,Typing Hooks,3,Typing Performance Hooks,5,course/typescript-for-react/03-typing-hooks/typing-performance-hooks.json
532,course,.NET NuGet Packages,25,HTTP Clients and Resilience,3,HttpClientFactory,6,course/dotnet-nuget-packages/http-clients-resilience/httpclientfactory.json
533,course,.NET NuGet Packages,25,Database and Data Access,4,Entity Framework Core,1,course/dotnet-nuget-packages/04-database-data-access/entity-framework-core.json
534,course,TypeScript for React,25,Advanced Types,4,Generics Basics,1,course/typescript-for-react/04-advanced-types/generics-basics.json
535,course,.NET NuGet Packages,25,Database and Data Access,4,Dapper,2,course/dotnet-nuget-packages/04-database-data-access/dapper.json
536,course,TypeScript for React,25,Advanced Types,4,Utility Types,2,course/typescript-for-react/04-advanced-types/utility-types.json
537,course,.NET NuGet Packages,25,Database and Data Access,4,Npgsql,3,course/dotnet-nuget-packages/04-database-data-access/npgsql.json
538,course,TypeScript for React,25,Advanced Types,4,Type Guards,3,course/typescript-for-react/04-advanced-types/type-guards.json
539,course,.NET NuGet Packages,25,Database and Data Access,4,MySqlConnector,4,course/dotnet-nuget-packages/04-database-data-access/mysqlconnector.json
540,course,TypeScript for React,25,Advanced Types,4,Conditional and Mapped Types,4,course/typescript-for-react/04-advanced-types/conditional-and-mapped-types.json
541,course,.NET NuGet Packages,25,Database and Data Access,4,SqlClient,5,course/dotnet-nuget-packages/04-database-data-access/sqlclient.json
542,course,TypeScript for React,25,Advanced Types,4,Template Literal Types,5,course/typescript-for-react/04-advanced-types/template-literal-types.json
543,course,.NET NuGet Packages,25,Database and Data Access,4,Redis,6,course/dotnet-nuget-packages/04-database-data-access/redis.json
544,course,.NET NuGet Packages,25,Database and Data Access,4,StackExchange.Redis,7,course/dotnet-nuget-packages/04-database-data-access/stackexchange-redis.json
545,course,.NET NuGet Packages,25,Database and Data Access,4,MongoDB Driver,8,course/dotnet-nuget-packages/04-database-data-access/mongodb-driver.json
546,course,.NET NuGet Packages,25,Serialization and Object Mapping,5,System.Text.Json,1,course/dotnet-nuget-packages/05-serialization-mapping/system-text-json.json
547,course,TypeScript for React,25,Generic Components,5,Generic List Component,1,course/typescript-for-react/05-generic-components/generic-list.json
548,course,.NET NuGet Packages,25,Serialization and Object Mapping,5,Newtonsoft.Json,2,course/dotnet-nuget-packages/05-serialization-mapping/newtonsoft-json.json
549,course,TypeScript for React,25,Generic Components,5,Generic Form Component,2,course/typescript-for-react/05-generic-components/generic-form.json
550,course,.NET NuGet Packages,25,Serialization and Object Mapping,5,YamlDotNet,3,course/dotnet-nuget-packages/05-serialization-mapping/yamldotnet.json
551,course,TypeScript for React,25,Generic Components,5,Polymorphic Components,3,course/typescript-for-react/05-generic-components/polymorphic-components.json
552,course,.NET NuGet Packages,25,Serialization and Object Mapping,5,AutoMapper,4,course/dotnet-nuget-packages/05-serialization-mapping/automapper.json
553,course,TypeScript for React,25,Generic Components,5,Higher-Order Components with TypeScript,4,course/typescript-for-react/05-generic-components/higher-order-components-typed.json
554,course,.NET NuGet Packages,25,Serialization and Object Mapping,5,Mapster,5,course/dotnet-nuget-packages/05-serialization-mapping/mapster.json
555,course,.NET NuGet Packages,25,Serialization and Object Mapping,5,MessagePack,6,course/dotnet-nuget-packages/05-serialization-mapping/messagepack.json
556,course,.NET NuGet Packages,25,Serialization and Object Mapping,5,Protobuf,7,course/dotnet-nuget-packages/05-serialization-mapping/protobuf.json
557,course,.NET NuGet Packages,25,Serialization and Object Mapping,5,CsvHelper,8,course/dotnet-nuget-packages/05-serialization-mapping/csvhelper.json
558,course,.NET NuGet Packages,25,Messaging and Event-Driven Architecture,6,MassTransit,1,course/dotnet-nuget-packages/06-messaging-events/masstransit.json
559,course,TypeScript for React,25,React Patterns with TypeScript,6,Type-Safe Context,1,course/typescript-for-react/06-react-patterns/type-safe-context.json
560,course,.NET NuGet Packages,25,Messaging and Event-Driven Architecture,6,RabbitMQ.Client,2,course/dotnet-nuget-packages/06-messaging-events/rabbitmq-client.json
561,course,TypeScript for React,25,React Patterns with TypeScript,6,Typed React Query,2,course/typescript-for-react/06-react-patterns/typed-react-query.json
562,course,.NET NuGet Packages,25,Messaging and Event-Driven Architecture,6,Rebus,3,course/dotnet-nuget-packages/06-messaging-events/rebus.json
563,course,TypeScript for React,25,React Patterns with TypeScript,6,Typed Form Handlers,3,course/typescript-for-react/06-react-patterns/typed-form-handlers.json
564,course,.NET NuGet Packages,25,Messaging and Event-Driven Architecture,6,MediatR,4,course/dotnet-nuget-packages/06-messaging-events/mediatr.json
565,course,TypeScript for React,25,React Patterns with TypeScript,6,Typed Router,4,course/typescript-for-react/06-react-patterns/typed-router.json
566,course,.NET NuGet Packages,25,Messaging and Event-Driven Architecture,6,Hangfire,5,course/dotnet-nuget-packages/06-messaging-events/hangfire.json
567,course,TypeScript for React,25,React Patterns with TypeScript,6,Compound Components,5,course/typescript-for-react/06-react-patterns/compound-components.json
568,course,.NET NuGet Packages,25,Messaging and Event-Driven Architecture,6,Quartz,6,course/dotnet-nuget-packages/06-messaging-events/quartz.json
569,course,TypeScript for React,25,React Patterns with TypeScript,6,Typed Error Boundaries,6,course/typescript-for-react/06-react-patterns/error-boundaries-typed.json
570,course,.NET NuGet Packages,25,Messaging and Event-Driven Architecture,6,Cronos,7,course/dotnet-nuget-packages/06-messaging-events/cronos.json
571,course,.NET NuGet Packages,25,Messaging and Event-Driven Architecture,6,BackgroundService,8,course/dotnet-nuget-packages/06-messaging-events/background-service.json
572,course,.NET NuGet Packages,25,Testing and Code Quality,7,xUnit,1,course/dotnet-nuget-packages/07-testing-quality/xunit.json
573,course,TypeScript for React,25,Testing and Best Practices,7,Testing TypeScript React,1,course/typescript-for-react/07-testing-best-practices/testing-typescript-react.json
574,course,.NET NuGet Packages,25,Testing and Code Quality,7,NUnit,2,course/dotnet-nuget-packages/07-testing-quality/nunit.json
575,course,TypeScript for React,25,Testing and Best Practices,7,Type Narrowing,2,course/typescript-for-react/07-testing-best-practices/type-narrowing.json
576,course,.NET NuGet Packages,25,Testing and Code Quality,7,MSTest,3,course/dotnet-nuget-packages/07-testing-quality/mstest.json
577,course,TypeScript for React,25,Testing and Best Practices,7,Type Safety Patterns,3,course/typescript-for-react/07-testing-best-practices/type-safety-patterns.json
578,course,.NET NuGet Packages,25,Testing and Code Quality,7,FluentAssertions,4,course/dotnet-nuget-packages/07-testing-quality/fluent-assertions.json
579,course,TypeScript for React,25,Testing and Best Practices,7,Migrating to TypeScript,4,course/typescript-for-react/07-testing-best-practices/migrating-to-typescript.json
580,course,.NET NuGet Packages,25,Testing and Code Quality,7,Moq,5,course/dotnet-nuget-packages/07-testing-quality/moq.json
581,course,TypeScript for React,25,Testing and Best Practices,7,Mocking and Test Utilities,5,course/typescript-for-react/07-testing-best-practices/mocking-and-test-utilities.json
582,course,.NET NuGet Packages,25,Testing and Code Quality,7,NSubstitute,6,course/dotnet-nuget-packages/07-testing-quality/nsubstitute.json
583,course,.NET NuGet Packages,25,Testing and Code Quality,7,AutoFixture,7,course/dotnet-nuget-packages/07-testing-quality/autofixture.json
584,course,.NET NuGet Packages,25,Testing and Code Quality,7,Bogus,8,course/dotnet-nuget-packages/07-testing-quality/bogus.json
585,course,.NET NuGet Packages,25,Security and Cryptography,8,BCrypt.Net-Next,1,course/dotnet-nuget-packages/08-security-cryptography/bcrypt.json
586,course,TypeScript for React,25,Advanced Type Modeling & Runtime Safety,8,unknown vs any,1,course/typescript-for-react/advanced-type-modeling-runtime-safety/unknown-vs-any.json
587,course,.NET NuGet Packages,25,Security and Cryptography,8,BCrypt.Net,2,course/dotnet-nuget-packages/08-security-cryptography/bcrypt-net.json
588,course,TypeScript for React,25,Advanced Type Modeling & Runtime Safety,8,never and exhaustive checking,2,course/typescript-for-react/advanced-type-modeling-runtime-safety/never-and-exhaustive-checking.json
589,course,.NET NuGet Packages,25,Security and Cryptography,8,ASP.NET Core Data Protection,3,course/dotnet-nuget-packages/08-security-cryptography/data-protection.json
590,course,TypeScript for React,25,Advanced Type Modeling & Runtime Safety,8,Discriminated unions,3,course/typescript-for-react/advanced-type-modeling-runtime-safety/discriminated-unions.json
591,course,.NET NuGet Packages,25,Security and Cryptography,8,JWT Authentication,4,course/dotnet-nuget-packages/08-security-cryptography/jwt.json
592,course,TypeScript for React,25,Advanced Type Modeling & Runtime Safety,8,Type predicates,4,course/typescript-for-react/advanced-type-modeling-runtime-safety/type-predicates.json
593,course,.NET NuGet Packages,25,Security and Cryptography,8,IdentityModel,5,course/dotnet-nuget-packages/08-security-cryptography/identity-model.json
594,course,TypeScript for React,25,Advanced Type Modeling & Runtime Safety,8,Advanced generics for reusable APIs,5,course/typescript-for-react/advanced-type-modeling-runtime-safety/advanced-generics-for-reusable-apis.json
595,course,.NET NuGet Packages,25,Security and Cryptography,8,SharpCompress,6,course/dotnet-nuget-packages/08-security-cryptography/sharpcompress.json
596,course,TypeScript for React,25,Advanced Type Modeling & Runtime Safety,8,Declaration merging and module augmentation,6,course/typescript-for-react/advanced-type-modeling-runtime-safety/declaration-merging-and-module-augmentation.json
597,course,.NET NuGet Packages,25,Security and Cryptography,8,Password Validator,7,course/dotnet-nuget-packages/08-security-cryptography/password-validator.json
598,course,TypeScript for React,25,Advanced Type Modeling & Runtime Safety,8,Designing type-safe component APIs,7,course/typescript-for-react/advanced-type-modeling-runtime-safety/designing-type-safe-component-apis.json
599,course,TypeScript for React,25,Advanced Type Modeling & Runtime Safety,8,Runtime validation vs compile-time types,8,course/typescript-for-react/advanced-type-modeling-runtime-safety/runtime-validation-vs-compile-time-types.json
600,course,TypeScript for React,25,Advanced Type Modeling & Runtime Safety,8,Schema validation for API boundaries,9,course/typescript-for-react/advanced-type-modeling-runtime-safety/schema-validation-for-api-boundaries.json
601,course,TypeScript for React,25,Advanced Type Modeling & Runtime Safety,8,Avoiding unsafe type assertions,10,course/typescript-for-react/advanced-type-modeling-runtime-safety/avoiding-unsafe-type-assertions.json
602,course,.NET NuGet Packages,25,Utilities and Helpers,9,FluentEmail,1,course/dotnet-nuget-packages/09-utilities-helpers/fluent-email.json
603,course,.NET NuGet Packages,25,Utilities and Helpers,9,MailKit,2,course/dotnet-nuget-packages/09-utilities-helpers/mailkit.json
604,course,.NET NuGet Packages,25,Utilities and Helpers,9,SendGrid,3,course/dotnet-nuget-packages/09-utilities-helpers/sendgrid.json
605,course,.NET NuGet Packages,25,Utilities and Helpers,9,Humanizer,4,course/dotnet-nuget-packages/09-utilities-helpers/humanizer.json
606,course,.NET NuGet Packages,25,Utilities and Helpers,9,JSON Patch,5,course/dotnet-nuget-packages/09-utilities-helpers/jsonpatch.json
607,course,.NET NuGet Packages,25,Utilities and Helpers,9,SharpCompress,6,course/dotnet-nuget-packages/09-utilities-helpers/sharpcompress.json
608,course,.NET NuGet Packages,25,Utilities and Helpers,9,Figgle,7,course/dotnet-nuget-packages/09-utilities-helpers/figgle.json
609,course,.NET NuGet Packages,25,Utilities and Helpers,9,MoreLINQ,8,course/dotnet-nuget-packages/09-utilities-helpers/more-linq.json
610,course,.NET NuGet Packages,25,Cloud and Storage Integration,10,Azure.Storage.Blobs,1,course/dotnet-nuget-packages/cloud-integration/azure-storage-blobs.json
611,course,.NET NuGet Packages,25,Cloud and Storage Integration,10,AWSSDK.S3,2,course/dotnet-nuget-packages/cloud-integration/amazon-s3.json
612,course,.NET NuGet Packages,25,Cloud and Storage Integration,10,Azure.Identity,3,course/dotnet-nuget-packages/cloud-integration/azure-identity.json
613,course,.NET NuGet Packages,25,Cloud and Storage Integration,10,Azure.Security.KeyVault.Secrets,4,course/dotnet-nuget-packages/cloud-integration/azure-keyvault.json
614,course,.NET NuGet Packages,25,Cloud and Storage Integration,10,AWSSDK.Core,5,course/dotnet-nuget-packages/cloud-integration/aws-sdk-core.json
615,course,.NET NuGet Packages,25,Cloud and Storage Integration,10,Azure.Messaging.ServiceBus,6,course/dotnet-nuget-packages/cloud-integration/azure-servicebus.json
616,course,.NET NuGet Packages,25,Cloud and Storage Integration,10,Azure.Messaging.EventHubs,7,course/dotnet-nuget-packages/cloud-integration/azure-event-hubs.json
617,course,.NET NuGet Packages,25,Cloud and Storage Integration,10,Minio,8,course/dotnet-nuget-packages/cloud-integration/minio.json
618,course,.NET NuGet Packages,25,API Documentation and Swagger,11,Swashbuckle.AspNetCore,1,course/dotnet-nuget-packages/api-documentation-swagger/swashbuckle.json
619,course,.NET NuGet Packages,25,API Documentation and Swagger,11,NSpec,2,course/dotnet-nuget-packages/api-documentation-swagger/nspec.json
620,course,.NET NuGet Packages,25,API Documentation and Swagger,11,OpenAPI Generator,3,course/dotnet-nuget-packages/api-documentation-swagger/openapi-generator.json
621,course,.NET NuGet Packages,25,API Documentation and Swagger,11,Microsoft.OpenApi,4,course/dotnet-nuget-packages/api-documentation-swagger/microsoft-openapi.json
622,course,.NET NuGet Packages,25,API Documentation and Swagger,11,Swashbuckle.AspNetCore,5,course/dotnet-nuget-packages/api-documentation-swagger/swashbuckle-aspnetcore.json
623,course,.NET NuGet Packages,25,Advanced Patterns and Performance,12,System.Threading.Channels,1,course/dotnet-nuget-packages/advanced-patterns/system-threading-channels.json
624,course,.NET NuGet Packages,25,Advanced Patterns and Performance,12,MemoryStream,2,course/dotnet-nuget-packages/advanced-patterns/memorystream.json
625,course,.NET NuGet Packages,25,Advanced Patterns and Performance,12,System.IO.Pipelines,3,course/dotnet-nuget-packages/advanced-patterns/system-io-pipelines.json
626,course,.NET NuGet Packages,25,Advanced Patterns and Performance,12,Roslyn Source Generators,4,course/dotnet-nuget-packages/advanced-patterns/source-generators.json
627,course,.NET NuGet Packages,25,Advanced Patterns and Performance,12,Roslyn Analyzers,5,course/dotnet-nuget-packages/advanced-patterns/roslyn-analyzers.json
628,course,.NET NuGet Packages,25,Advanced Patterns and Performance,12,Spectre.Console,6,course/dotnet-nuget-packages/advanced-patterns/spectre-console.json
629,course,.NET NuGet Packages,25,Advanced Patterns and Performance,12,BenchmarkDotNet,7,course/dotnet-nuget-packages/advanced-patterns/benchmark-dotnet.json
630,course,.NET NuGet Packages,25,Advanced Patterns and Performance,12,System.Text.Json Source Generation,8,course/dotnet-nuget-packages/advanced-patterns/system-text-json-source-gen.json
631,course,Apollo,26,Apollo Basics,1,What is Apollo,1,course/apollo/01-apollo-basics/what-is-apollo.json
632,course,Yarn/NPM Packages,26,Yarn/NPM Fundamentals,1,What are NPM and Yarn?,1,course/yarn-npm-packages/yarn-npm-fundamentals/what-is-npm-yarn.json
633,course,Apollo,26,Apollo Basics,1,Setting Up Apollo Client,2,course/apollo/01-apollo-basics/setup-client.json
634,course,Yarn/NPM Packages,26,Yarn/NPM Fundamentals,1,Installing Packages,2,course/yarn-npm-packages/yarn-npm-fundamentals/installing-packages.json
635,course,Apollo,26,Apollo Basics,1,Your First Query,3,course/apollo/01-apollo-basics/first-query.json
636,course,Yarn/NPM Packages,26,Yarn/NPM Fundamentals,1,package.json and Scripts,3,course/yarn-npm-packages/yarn-npm-fundamentals/package-json-scripts.json
637,course,Apollo,26,Apollo Basics,1,GraphQL Basics,4,course/apollo/01-apollo-basics/graphql-basics.json
638,course,Yarn/NPM Packages,26,Yarn/NPM Fundamentals,1,Workspaces and Monorepos,4,course/yarn-npm-packages/yarn-npm-fundamentals/workspaces-monorepos.json
639,course,Yarn/NPM Packages,26,Yarn/NPM Fundamentals,1,"npx, Yarn PnP, and Execution Models",5,course/yarn-npm-packages/yarn-npm-fundamentals/npx-yarn-pnp.json
640,course,Yarn/NPM Packages,26,Yarn/NPM Fundamentals,1,Versioning and SemVer,6,course/yarn-npm-packages/yarn-npm-fundamentals/versioning-semver.json
641,course,Apollo,26,Queries and Mutations,2,Query Options,1,course/apollo/02-queries-mutations/query-options.json
642,course,Yarn/NPM Packages,26,Frontend Frameworks,2,React Essentials,1,course/yarn-npm-packages/frontend-frameworks/react-essentials.json
643,course,Apollo,26,Queries and Mutations,2,useMutation,2,course/apollo/02-queries-mutations/use-mutation-hook.json
644,course,Yarn/NPM Packages,26,Frontend Frameworks,2,Vue Essentials,2,course/yarn-npm-packages/frontend-frameworks/vue-essentials.json
645,course,Apollo,26,Queries and Mutations,2,Refetching Queries,3,course/apollo/02-queries-mutations/refetching.json
646,course,Yarn/NPM Packages,26,Frontend Frameworks,2,Angular Essentials,3,course/yarn-npm-packages/frontend-frameworks/angular-essentials.json
647,course,Apollo,26,Queries and Mutations,2,Polling,4,course/apollo/02-queries-mutations/polling.json
648,course,Yarn/NPM Packages,26,Frontend Frameworks,2,Next.js Ecosystem,4,course/yarn-npm-packages/frontend-frameworks/nextjs.json
649,course,Yarn/NPM Packages,26,Frontend Frameworks,2,Nuxt.js Ecosystem,5,course/yarn-npm-packages/frontend-frameworks/nuxtjs.json
650,course,Yarn/NPM Packages,26,Frontend Frameworks,2,Svelte and SvelteKit,6,course/yarn-npm-packages/frontend-frameworks/svelte.json
651,course,Apollo,26,Caching,3,Cache Basics,1,course/apollo/03-caching/cache-basics.json
652,course,Yarn/NPM Packages,26,Build Tools,3,Webpack,1,course/yarn-npm-packages/build-tools/webpack.json
653,course,Apollo,26,Caching,3,Cache Updates,2,course/apollo/03-caching/cache-updates.json
654,course,Yarn/NPM Packages,26,Build Tools,3,Vite,2,course/yarn-npm-packages/build-tools/vite.json
655,course,Apollo,26,Caching,3,Pagination Caching,3,course/apollo/03-caching/pagination-caching.json
656,course,Yarn/NPM Packages,26,Build Tools,3,Rollup,3,course/yarn-npm-packages/build-tools/rollup.json
657,course,Yarn/NPM Packages,26,Build Tools,3,Babel,4,course/yarn-npm-packages/build-tools/babel.json
658,course,Yarn/NPM Packages,26,Build Tools,3,esbuild,5,course/yarn-npm-packages/build-tools/esbuild.json
659,course,Yarn/NPM Packages,26,Build Tools,3,Turborepo,6,course/yarn-npm-packages/build-tools/turbo.json
660,course,Apollo,26,Advanced Patterns,4,Subscriptions,1,course/apollo/04-advanced-patterns/subscriptions.json
661,course,Yarn/NPM Packages,26,Styling,4,Tailwind CSS,1,course/yarn-npm-packages/styling/tailwind-css.json
662,course,Apollo,26,Advanced Patterns,4,Error Handling,2,course/apollo/04-advanced-patterns/error-handling.json
663,course,Yarn/NPM Packages,26,Styling,4,Sass,2,course/yarn-npm-packages/styling/sass.json
664,course,Apollo,26,Advanced Patterns,4,Local State Management,3,course/apollo/04-advanced-patterns/local-state.json
665,course,Yarn/NPM Packages,26,Styling,4,styled-components,4,course/yarn-npm-packages/styling/styled-components.json
666,course,Yarn/NPM Packages,26,Styling,4,CSS Modules,5,course/yarn-npm-packages/styling/css-modules.json
667,course,Yarn/NPM Packages,26,Styling,4,Emotion,5,course/yarn-npm-packages/styling/emotion.json
668,course,Yarn/NPM Packages,26,Styling,4,PostCSS,6,course/yarn-npm-packages/styling/postcss.json
669,course,Apollo,26,Client-Side Caching Advanced,5,Cache Configuration,1,course/apollo/05-client-side-caching-advanced/cache-configuration.json
670,course,Yarn/NPM Packages,26,State Management,5,Redux Toolkit,1,course/yarn-npm-packages/state-management/redux.json
671,course,Apollo,26,Client-Side Caching Advanced,5,Type Policies & Field Policies,2,course/apollo/05-client-side-caching-advanced/type-policies-field-policies.json
672,course,Yarn/NPM Packages,26,State Management,5,Zustand,2,course/yarn-npm-packages/state-management/zustand.json
673,course,Apollo,26,Client-Side Caching Advanced,5,Custom Cache Resolvers,3,course/apollo/05-client-side-caching-advanced/custom-cache-resolvers.json
674,course,Yarn/NPM Packages,26,State Management,5,Jotai,3,course/yarn-npm-packages/state-management/jotai.json
675,course,Apollo,26,Client-Side Caching Advanced,5,Cache Redirects,4,course/apollo/05-client-side-caching-advanced/cache-redirects.json
676,course,Yarn/NPM Packages,26,State Management,5,MobX,4,course/yarn-npm-packages/state-management/mobx.json
677,course,Yarn/NPM Packages,26,State Management,5,XState,5,course/yarn-npm-packages/state-management/xstate.json
678,course,Apollo,26,Error Handling & Optimistic Responses,6,Error Handling Basics,1,course/apollo/06-error-handling-optimistic/error-handling-basics.json
679,course,Yarn/NPM Packages,26,Routing,6,React Router,1,course/yarn-npm-packages/routing/react-router.json
680,course,Apollo,26,Error Handling & Optimistic Responses,6,Error Policies,2,course/apollo/06-error-handling-optimistic/error-policies.json
681,course,Yarn/NPM Packages,26,Routing,6,Vue Router,2,course/yarn-npm-packages/routing/vue-router.json
682,course,Apollo,26,Error Handling & Optimistic Responses,6,Optimistic Responses,3,course/apollo/06-error-handling-optimistic/optimistic-responses.json
683,course,Yarn/NPM Packages,26,Routing,6,Angular Router,3,course/yarn-npm-packages/routing/angular-router.json
684,course,Apollo,26,Error Handling & Optimistic Responses,6,Partial Data & Error Handling,4,course/apollo/06-error-handling-optimistic/partial-data-error-handling.json
685,course,Yarn/NPM Packages,26,Routing,6,Next.js Routing,4,course/yarn-npm-packages/routing/nextjs-routing.json
686,course,Yarn/NPM Packages,26,Routing,6,TanStack Router,5,course/yarn-npm-packages/routing/tanstack-router.json
687,course,Apollo,26,Subscriptions & Real-Time,7,Subscriptions Basics,1,course/apollo/07-subscriptions-realtime/subscriptions-basics.json
688,course,Yarn/NPM Packages,26,HTTP Clients,7,Axios,1,course/yarn-npm-packages/http-clients/axios.json
689,course,Apollo,26,Subscriptions & Real-Time,7,WebSocket Setup,2,course/apollo/07-subscriptions-realtime/websocket-setup.json
690,course,Yarn/NPM Packages,26,HTTP Clients,7,Ky,2,course/yarn-npm-packages/http-clients/ky.json
691,course,Apollo,26,Subscriptions & Real-Time,7,Subscription Lifecycle,3,course/apollo/07-subscriptions-realtime/subscription-lifecycle.json
692,course,Yarn/NPM Packages,26,HTTP Clients,7,ofetch,3,course/yarn-npm-packages/http-clients/ofetch.json
693,course,Apollo,26,Subscriptions & Real-Time,7,Real-Time Patterns,4,course/apollo/07-subscriptions-realtime/real-time-patterns.json
694,course,Yarn/NPM Packages,26,HTTP Clients,7,graphql-request,4,course/yarn-npm-packages/http-clients/graphql-request.json
695,course,Yarn/NPM Packages,26,HTTP Clients,7,Apollo Client,5,course/yarn-npm-packages/http-clients/apollo-client.json
696,course,Apollo,26,Local State Management,8,Reactive Variables,1,course/apollo/08-local-state-management/reactive-variables.json
697,course,Yarn/NPM Packages,26,Testing,8,Jest,1,course/yarn-npm-packages/testing/jest.json
698,course,Apollo,26,Local State Management,8,Local-Only Fields,2,course/apollo/08-local-state-management/local-only-fields.json
699,course,Yarn/NPM Packages,26,Testing,8,Vitest,2,course/yarn-npm-packages/testing/vitest.json
700,course,Apollo,26,Local State Management,8,Client-Side Resolvers,3,course/apollo/08-local-state-management/client-side-resolvers.json
701,course,Yarn/NPM Packages,26,Testing,8,Cypress,3,course/yarn-npm-packages/testing/cypress.json
702,course,Apollo,26,Local State Management,8,State Composition,4,course/apollo/08-local-state-management/state-composition.json
703,course,Yarn/NPM Packages,26,Testing,8,Playwright,4,course/yarn-npm-packages/testing/playwright.json
704,course,Yarn/NPM Packages,26,Testing,8,Testing Library,5,course/yarn-npm-packages/testing/testing-library.json
705,course,Yarn/NPM Packages,26,Testing,8,Storybook,6,course/yarn-npm-packages/testing/storybook.json
706,course,Apollo,26,SSR/Next.js Integration & Performance,9,Next.js Integration,1,course/apollo/09-ssr-nextjs-performance/nextjs-integration.json
707,course,Yarn/NPM Packages,26,Utilities,9,Lodash,1,course/yarn-npm-packages/utilities/lodash.json
708,course,Apollo,26,SSR/Next.js Integration & Performance,9,SSR with Apollo,2,course/apollo/09-ssr-nextjs-performance/ssr-with-apollo.json
709,course,Yarn/NPM Packages,26,Utilities,9,date-fns,2,course/yarn-npm-packages/utilities/date-fns.json
710,course,Apollo,26,SSR/Next.js Integration & Performance,9,SSG Hydration,3,course/apollo/09-ssr-nextjs-performance/ssg-hydration.json
711,course,Yarn/NPM Packages,26,Utilities,9,UUID,3,course/yarn-npm-packages/utilities/uuid.json
712,course,Apollo,26,SSR/Next.js Integration & Performance,9,Performance Optimization,4,course/apollo/09-ssr-nextjs-performance/performance-optimization.json
713,course,Yarn/NPM Packages,26,Utilities,9,Crypto Utilities,4,course/yarn-npm-packages/utilities/crypto-js.json
714,course,Apollo,26,SSR/Next.js Integration & Performance,9,Common Pitfalls,5,course/apollo/09-ssr-nextjs-performance/common-pitfalls.json
715,course,Yarn/NPM Packages,26,Utilities,9,Zod,5,course/yarn-npm-packages/utilities/zod.json
716,course,Yarn/NPM Packages,26,Utilities,9,Immer,6,course/yarn-npm-packages/utilities/immer.json
717,course,Yarn/NPM Packages,26,Forms,10,React Hook Form,1,course/yarn-npm-packages/forms/react-hook-form.json
718,course,Yarn/NPM Packages,26,Forms,10,Zod Validation,2,course/yarn-npm-packages/forms/zod-validation.json
719,course,Yarn/NPM Packages,26,Forms,10,Formik,3,course/yarn-npm-packages/forms/formik.json
720,course,Yarn/NPM Packages,26,Forms,10,Yup,4,course/yarn-npm-packages/forms/yup.json
721,course,Yarn/NPM Packages,26,Forms,10,Final Form,5,course/yarn-npm-packages/forms/final-form.json
722,course,Yarn/NPM Packages,26,Animation,11,Framer Motion,1,course/yarn-npm-packages/animation/framer-motion.json
723,course,Yarn/NPM Packages,26,Animation,11,React Spring,2,course/yarn-npm-packages/animation/react-spring.json
724,course,Yarn/NPM Packages,26,Animation,11,GSAP,3,course/yarn-npm-packages/animation/gsap.json
725,course,Yarn/NPM Packages,26,Animation,11,Anime.js,4,course/yarn-npm-packages/animation/anime-js.json
726,course,Yarn/NPM Packages,26,Animation,11,Popmotion,5,course/yarn-npm-packages/animation/popmotion.json
727,course,Yarn/NPM Packages,26,Advanced Patterns,12,Dependency Injection,1,course/yarn-npm-packages/advanced-patterns/dependency-injection.json
728,course,Yarn/NPM Packages,26,Advanced Patterns,12,Mediator Pattern,2,course/yarn-npm-packages/advanced-patterns/mediator-pattern.json
729,course,Yarn/NPM Packages,26,Advanced Patterns,12,Observer Pattern,3,course/yarn-npm-packages/advanced-patterns/observer-pattern.json
730,course,Yarn/NPM Packages,26,Advanced Patterns,12,Factory Pattern,4,course/yarn-npm-packages/advanced-patterns/factory-pattern.json
731,course,Yarn/NPM Packages,26,Advanced Patterns,12,Module Federation,5,course/yarn-npm-packages/advanced-patterns/module-federation.json
732,course,Yarn/NPM Packages,26,Advanced Patterns,12,Micro Frontends,6,course/yarn-npm-packages/advanced-patterns/micro-frontends.json
733,course,Yarn/NPM Packages,26,React Hooks Patterns,13,useState and useEffect Fundamentals,1,course/yarn-npm-packages/react-hooks-patterns/use-state-effect.json
734,course,Yarn/NPM Packages,26,React Hooks Patterns,13,useContext and useReducer for State Management,2,course/yarn-npm-packages/react-hooks-patterns/use-context-reducer.json
735,course,Yarn/NPM Packages,26,React Hooks Patterns,13,useRef and useCallback for DOM Access and Memoization,3,course/yarn-npm-packages/react-hooks-patterns/use-ref-callback.json
736,course,Yarn/NPM Packages,26,React Hooks Patterns,13,useMemo and Performance Optimization,4,course/yarn-npm-packages/react-hooks-patterns/use-memo-debug.json
737,course,Yarn/NPM Packages,26,React Hooks Patterns,13,Creating Reusable Custom Hooks,5,course/yarn-npm-packages/react-hooks-patterns/custom-hooks.json
738,course,Yarn/NPM Packages,26,React Performance Optimization,14,"React.memo, useMemo, useCallback",1,course/yarn-npm-packages/react-performance/react-memoization.json
739,course,Yarn/NPM Packages,26,React Performance Optimization,14,Dynamic Imports and React.lazy,2,course/yarn-npm-packages/react-performance/code-splitting.json
740,course,Yarn/NPM Packages,26,React Performance Optimization,14,react-window and react-virtualized,3,course/yarn-npm-packages/react-performance/virtualization.json
741,course,Yarn/NPM Packages,26,React Performance Optimization,14,React DevTools Profiler and Performance Debugging,4,course/yarn-npm-packages/react-performance/profiling-debugging.json
742,course,Yarn/NPM Packages,26,React Performance Optimization,14,Key Strategies to Prevent Unnecessary Re-renders,5,course/yarn-npm-packages/react-performance/rendering-optimization.json
743,course,Yarn/NPM Packages,26,React Forms and Input Handling,15,Controlled vs Uncontrolled Components,1,course/yarn-npm-packages/react-forms-input/controlled-components.json
744,course,Yarn/NPM Packages,26,React Forms and Input Handling,15,Client-side Form Validation Patterns,2,course/yarn-npm-packages/react-forms-input/form-validation.json
745,course,Yarn/NPM Packages,26,React Forms and Input Handling,15,react-hook-form Library for Performant Forms,3,course/yarn-npm-packages/react-forms-input/react-hook-form.json
746,course,Yarn/NPM Packages,26,React Forms and Input Handling,15,Handling File Uploads in React,4,course/yarn-npm-packages/react-forms-input/file-upload.json
747,course,Yarn/NPM Packages,26,React Forms and Input Handling,15,Building Wizard-style Multi-step Forms,5,course/yarn-npm-packages/react-forms-input/multi-step-forms.json
748,course,Yarn/NPM Packages,26,React Data Fetching,16,Using the Native Fetch API in React,1,course/yarn-npm-packages/react-data-fetching/fetch-api-basics.json
749,course,Yarn/NPM Packages,26,React Data Fetching,16,@tanstack/react-query for Server State Management,2,course/yarn-npm-packages/react-data-fetching/react-query.json
750,course,Yarn/NPM Packages,26,React Data Fetching,16,Vercel's SWR for Data Fetching and Caching,3,course/yarn-npm-packages/react-data-fetching/swr.json
751,course,Yarn/NPM Packages,26,React Data Fetching,16,Using Axios with React Interceptors and Cancellation,4,course/yarn-npm-packages/react-data-fetching/axios-react.json
752,course,Yarn/NPM Packages,26,React Data Fetching,16,Error Boundaries and Loading States,5,course/yarn-npm-packages/react-data-fetching/error-boundaries-loading.json
753,course,Yarn/NPM Packages,26,React Testing,17,Testing Components with @testing-library/react,1,course/yarn-npm-packages/react-testing/react-testing-library.json
754,course,Yarn/NPM Packages,26,React Testing,17,Unit Testing React with Vitest,2,course/yarn-npm-packages/react-testing/vitest-react.json
755,course,Yarn/NPM Packages,26,React Testing,17,Component Testing with Cypress,3,course/yarn-npm-packages/react-testing/cypress-component.json
756,course,Yarn/NPM Packages,26,React Testing,17,Testing Custom React Hooks,4,course/yarn-npm-packages/react-testing/testing-hooks.json
757,course,React Testing,27,Testing Fundamentals,1,Why Test React Apps,1,course/react-testing/01-testing-fundamentals/why-test-react.json
758,course,React Testing,27,Testing Fundamentals,1,Types of Tests,2,course/react-testing/01-testing-fundamentals/testing-types.json
759,course,React Testing,27,Testing Fundamentals,1,Testing Principles,3,course/react-testing/01-testing-fundamentals/testing-principles.json
760,course,React Testing,27,Testing Fundamentals,1,Test Structure,4,course/react-testing/01-testing-fundamentals/test-structure.json
761,course,React Testing,27,Jest Fundamentals,2,Getting Started with Jest,1,course/react-testing/02-jest-basics/getting-started-jest.json
762,course,React Testing,27,Jest Fundamentals,2,Matchers and Assertions,2,course/react-testing/02-jest-basics/matchers-assertions.json
763,course,React Testing,27,Jest Fundamentals,2,Async Testing,3,course/react-testing/02-jest-basics/async-testing.json
764,course,React Testing,27,Jest Fundamentals,2,Mocking with Jest,4,course/react-testing/02-jest-basics/mocking-jest.json
765,course,React Testing,27,React Testing Library,3,RTL Introduction,1,course/react-testing/03-react-testing-library/rtl-intro.json
766,course,React Testing,27,React Testing Library,3,RTL Queries,2,course/react-testing/03-react-testing-library/queries.json
767,course,React Testing,27,React Testing Library,3,User Events,3,course/react-testing/03-react-testing-library/user-events.json
768,course,React Testing,27,React Testing Library,3,Testing Custom Hooks,4,course/react-testing/03-react-testing-library/testing-hooks.json
769,course,React Testing,27,Component Testing,4,Testing Forms,1,course/react-testing/04-component-testing/testing-forms.json
770,course,React Testing,27,Component Testing,4,Testing with Routing,2,course/react-testing/04-component-testing/testing-routing.json
771,course,React Testing,27,Component Testing,4,Testing Context,3,course/react-testing/04-component-testing/testing-context.json
772,course,React Testing,27,Component Testing,4,Testing API Calls,4,course/react-testing/04-component-testing/testing-api-calls.json
773,course,React Testing,27,E2E Testing with Cypress,5,Cypress Introduction,1,course/react-testing/05-e2e-testing/cypress-intro.json
774,course,React Testing,27,E2E Testing with Cypress,5,Writing E2E Tests,2,course/react-testing/05-e2e-testing/writing-e2e-tests.json
775,course,React Testing,27,E2E Testing with Cypress,5,Cypress Commands,3,course/react-testing/05-e2e-testing/cypress-commands.json
776,course,React Testing,27,E2E Testing with Cypress,5,E2E Testing Best Practices,4,course/react-testing/05-e2e-testing/best-practices.json
777,course,React Testing,27,Advanced Testing Patterns,6,Mock Service Worker,1,course/react-testing/06-advanced-testing-patterns/mock-service-worker.json
778,course,React Testing,27,Advanced Testing Patterns,6,Render Optimization,2,course/react-testing/06-advanced-testing-patterns/render-optimization.json
779,course,React Testing,27,Advanced Testing Patterns,6,Visual Regression Testing,3,course/react-testing/06-advanced-testing-patterns/visual-regression.json
780,course,React Testing,27,Testing React Query,7,Testing Mutations,1,course/react-testing/07-testing-react-query/testing-mutations.json
781,course,React Testing,27,Testing React Query,7,Testing Cache Invalidation,2,course/react-testing/07-testing-react-query/testing-cache-invalidation.json
782,course,React Testing,27,Testing Strategy for Senior Frontend Engineers,8,Component testing vs integration testing,1,course/react-testing/testing-strategy-for-senior-frontend-engineers/component-testing-vs-integration-testing.json
783,course,React Testing,27,Testing Strategy for Senior Frontend Engineers,8,"Test doubles: mocks, stubs and fakes",2,course/react-testing/testing-strategy-for-senior-frontend-engineers/test-doubles-mocks-stubs-and-fakes.json
784,course,React Testing,27,Testing Strategy for Senior Frontend Engineers,8,When not to mock,3,course/react-testing/testing-strategy-for-senior-frontend-engineers/when-not-to-mock.json
785,course,React Testing,27,Testing Strategy for Senior Frontend Engineers,8,Testcontainers and realistic backend integration,4,course/react-testing/testing-strategy-for-senior-frontend-engineers/testcontainers-and-realistic-backend-integration.json
786,course,React Testing,27,Testing Strategy for Senior Frontend Engineers,8,API contract testing,5,course/react-testing/testing-strategy-for-senior-frontend-engineers/api-contract-testing.json
787,course,React Testing,27,Testing Strategy for Senior Frontend Engineers,8,Playwright-based E2E testing,6,course/react-testing/testing-strategy-for-senior-frontend-engineers/playwright-based-e2e-testing.json
788,course,React Testing,27,Testing Strategy for Senior Frontend Engineers,8,Flaky test diagnosis,7,course/react-testing/testing-strategy-for-senior-frontend-engineers/flaky-test-diagnosis.json
789,course,React Testing,27,Testing Strategy for Senior Frontend Engineers,8,Mutation testing and test quality,8,course/react-testing/testing-strategy-for-senior-frontend-engineers/mutation-testing-and-test-quality.json
790,course,SQL Server,41,Getting Started & SQL Server Fundamentals,1,What is SQL Server?,1,course/sql-server/01-getting-started/01-what-is-sql-server.json
791,course,SQL Server,41,Getting Started & SQL Server Fundamentals,1,Basics,2,course/sql-server/01-getting-started/02-basics.json
792,course,SQL Server,41,Getting Started & SQL Server Fundamentals,1,Aliases,3,course/sql-server/01-getting-started/03-aliases.json
793,course,SQL Server,41,Querying Data with SELECT,2,SELECT Statement,1,course/sql-server/02-querying-data/01-select-statement.json
794,course,SQL Server,41,Querying Data with SELECT,2,SELECT DISTINCT,2,course/sql-server/02-querying-data/02-select-distinct.json
795,course,SQL Server,41,Querying Data with SELECT,2,SELECT TOP,3,course/sql-server/02-querying-data/03-select-top.json
796,course,SQL Server,41,Querying Data with SELECT,2,WHERE Clause,4,course/sql-server/02-querying-data/04-where-clause.json
797,course,SQL Server,41,Querying Data with SELECT,2,AND Operator,5,course/sql-server/02-querying-data/05-and-operator.json
798,course,SQL Server,41,Querying Data with SELECT,2,OR Operator,6,course/sql-server/02-querying-data/06-or-operator.json
799,course,SQL Server,41,Querying Data with SELECT,2,BETWEEN Operator,7,course/sql-server/02-querying-data/07-between-operator.json
800,course,SQL Server,41,Querying Data with SELECT,2,IN Operator,8,course/sql-server/02-querying-data/08-in-operator.json
801,course,SQL Server,41,Querying Data with SELECT,2,LIKE Operator,9,course/sql-server/02-querying-data/09-like-operator.json
802,course,SQL Server,41,Querying Data with SELECT,2,"NULL, Three-Valued Logic, and IS NULL Operator",10,course/sql-server/02-querying-data/10-null-three-valued-logic.json
803,course,SQL Server,41,Querying Data with SELECT,2,ORDER BY Clause,11,course/sql-server/02-querying-data/11-order-by-clause.json
804,course,SQL Server,41,Querying Data with SELECT,2,OFFSET FETCH,12,course/sql-server/02-querying-data/12-offset-and-fetch.json
805,course,SQL Server,41,Joins,3,A Visualization Explanation of Joins in SQL Server,1,course/sql-server/03-joins/01-visualization-explanation-of-joins.json
806,course,SQL Server,41,Joins,3,INNER JOIN,2,course/sql-server/03-joins/02-inner-join.json
807,course,SQL Server,41,Joins,3,LEFT JOIN,3,course/sql-server/03-joins/03-left-join.json
808,course,SQL Server,41,Joins,3,RIGHT JOIN,4,course/sql-server/03-joins/04-right-join.json
809,course,SQL Server,41,Joins,3,FULL OUTER JOIN,5,course/sql-server/03-joins/05-full-outer-join.json
810,course,SQL Server,41,Joins,3,CROSS JOIN,6,course/sql-server/03-joins/06-cross-join.json
811,course,SQL Server,41,Joins,3,SELF JOIN,7,course/sql-server/03-joins/07-self-join.json
812,course,SQL Server,41,Joins,3,CROSS APPLY Clause,8,course/sql-server/03-joins/08-cross-apply.json
813,course,SQL Server,41,Set Operations,4,UNION: The Ultimate Guide,1,course/sql-server/04-set-operations/01-union-ultimate-guide.json
814,course,SQL Server,41,Set Operations,4,EXCEPT,2,course/sql-server/04-set-operations/02-except.json
815,course,SQL Server,41,Set Operations,4,INTERSECT Explained,3,course/sql-server/04-set-operations/03-intersect.json
816,course,SQL Server,41,"Grouping, Aggregation & Subqueries",5,GROUP BY,1,course/sql-server/05-grouping-aggregation-subqueries/01-group-by.json
817,course,SQL Server,41,"Grouping, Aggregation & Subqueries",5,HAVING Clause,2,course/sql-server/05-grouping-aggregation-subqueries/02-having-clause.json
818,course,SQL Server,41,"Grouping, Aggregation & Subqueries",5,CUBE,3,course/sql-server/05-grouping-aggregation-subqueries/03-cube.json
819,course,SQL Server,41,"Grouping, Aggregation & Subqueries",5,ROLLUP,4,course/sql-server/05-grouping-aggregation-subqueries/04-rollup.json
820,course,SQL Server,41,"Grouping, Aggregation & Subqueries",5,GROUPING SETS,5,course/sql-server/05-grouping-aggregation-subqueries/05-grouping-sets.json
821,course,SQL Server,41,"Grouping, Aggregation & Subqueries",5,PIVOT Operator,6,course/sql-server/05-grouping-aggregation-subqueries/06-pivot-operator.json
822,course,SQL Server,41,"Grouping, Aggregation & Subqueries",5,Common Table Expressions (CTE),7,course/sql-server/05-grouping-aggregation-subqueries/07-common-table-expressions.json
823,course,SQL Server,41,"Grouping, Aggregation & Subqueries",5,Recursive CTE,8,course/sql-server/05-grouping-aggregation-subqueries/08-recursive-cte.json
824,course,SQL Server,41,"Grouping, Aggregation & Subqueries",5,Correlated Subquery,9,course/sql-server/05-grouping-aggregation-subqueries/09-correlated-subquery.json
825,course,SQL Server,41,"Grouping, Aggregation & Subqueries",5,Subquery,10,course/sql-server/05-grouping-aggregation-subqueries/10-subquery.json
826,course,SQL Server,41,"Grouping, Aggregation & Subqueries",5,ANY Operator,11,course/sql-server/05-grouping-aggregation-subqueries/11-any-operator.json
827,course,SQL Server,41,"Grouping, Aggregation & Subqueries",5,EXISTS Operator,12,course/sql-server/05-grouping-aggregation-subqueries/12-exists-operator.json
828,course,SQL Server,41,"Grouping, Aggregation & Subqueries",5,ALL Operator,13,course/sql-server/05-grouping-aggregation-subqueries/13-all-operator.json
829,course,SQL Server,41,Data Modification (DML),6,INSERT: Adding a Row Into a Table,1,course/sql-server/06-data-modification-dml/01-insert-add-row.json
830,course,SQL Server,41,Data Modification (DML),6,INSERT INTO SELECT,2,course/sql-server/06-data-modification-dml/02-insert-into-select.json
831,course,SQL Server,41,Data Modification (DML),6,INSERT Multiple Rows Into a Table,3,course/sql-server/06-data-modification-dml/03-insert-multiple-rows.json
832,course,SQL Server,41,Data Modification (DML),6,UPDATE Statement,4,course/sql-server/06-data-modification-dml/04-update-statement.json
833,course,SQL Server,41,Data Modification (DML),6,UPDATE JOIN,5,course/sql-server/06-data-modification-dml/05-update-with-join.json
834,course,SQL Server,41,Data Modification (DML),6,DELETE Statement,6,course/sql-server/06-data-modification-dml/06-delete-statement.json
835,course,SQL Server,41,Data Modification (DML),6,TRUNCATE TABLE,7,course/sql-server/06-data-modification-dml/07-truncate-table.json
836,course,SQL Server,41,Data Modification (DML),6,MERGE Statement,8,course/sql-server/06-data-modification-dml/08-merge-statement.json
837,course,SQL Server,41,Data Modification (DML),6,SELECT INTO,9,course/sql-server/06-data-modification-dml/09-select-into.json
838,course,SQL Server,41,"Database, Schema & Table Objects",7,CREATE DATABASE,1,course/sql-server/07-database-schema-table-objects/01-create-database.json
839,course,SQL Server,41,"Database, Schema & Table Objects",7,DROP DATABASE,2,course/sql-server/07-database-schema-table-objects/02-drop-database.json
840,course,SQL Server,41,"Database, Schema & Table Objects",7,CREATE TABLE,3,course/sql-server/07-database-schema-table-objects/03-create-table.json
841,course,SQL Server,41,"Database, Schema & Table Objects",7,ALTER TABLE ADD Column,4,course/sql-server/07-database-schema-table-objects/04-alter-table-add-column.json
842,course,SQL Server,41,"Database, Schema & Table Objects",7,ALTER TABLE ALTER COLUMN,5,course/sql-server/07-database-schema-table-objects/05-alter-table-alter-column.json
843,course,SQL Server,41,"Database, Schema & Table Objects",7,ALTER TABLE DROP COLUMN,6,course/sql-server/07-database-schema-table-objects/06-alter-table-drop-column.json
844,course,SQL Server,41,"Database, Schema & Table Objects",7,DROP TABLE,7,course/sql-server/07-database-schema-table-objects/07-drop-table.json
845,course,SQL Server,41,"Database, Schema & Table Objects",7,Rename Table,8,course/sql-server/07-database-schema-table-objects/08-rename-table.json
846,course,SQL Server,41,"Database, Schema & Table Objects",7,ALTER SCHEMA,9,course/sql-server/07-database-schema-table-objects/09-alter-schema.json
847,course,SQL Server,41,"Database, Schema & Table Objects",7,CREATE SCHEMA,10,course/sql-server/07-database-schema-table-objects/10-create-schema.json
848,course,SQL Server,41,"Database, Schema & Table Objects",7,DROP SCHEMA,11,course/sql-server/07-database-schema-table-objects/11-drop-schema.json
849,course,SQL Server,41,"Database, Schema & Table Objects",7,System Databases,12,course/sql-server/07-database-schema-table-objects/12-system-databases.json
850,course,SQL Server,41,"Database, Schema & Table Objects",7,Partition Existing Table,13,course/sql-server/07-database-schema-table-objects/13-partition-existing-table.json
851,course,SQL Server,41,"Database, Schema & Table Objects",7,Table Partitioning,14,course/sql-server/07-database-schema-table-objects/14-table-partitioning.json
852,course,SQL Server,41,"Database, Schema & Table Objects",7,SEQUENCE,15,course/sql-server/07-database-schema-table-objects/15-sequence.json
853,course,SQL Server,41,"Database, Schema & Table Objects",7,Identity Column,16,course/sql-server/07-database-schema-table-objects/16-identity-column.json
854,course,SQL Server,41,"Database, Schema & Table Objects",7,Synonym,17,course/sql-server/07-database-schema-table-objects/17-synonym.json
855,course,SQL Server,41,"Database, Schema & Table Objects",7,Synonym: The Ultimate Guide,18,course/sql-server/07-database-schema-table-objects/18-synonym-ultimate-guide.json
856,course,SQL Server,41,"Database, Schema & Table Objects",7,GRANT,19,course/sql-server/07-database-schema-table-objects/19-grant.json
857,course,SQL Server,41,"Database, Schema & Table Objects",7,Computed Columns,20,course/sql-server/07-database-schema-table-objects/20-computed-columns.json
858,course,SQL Server,41,Data Types,8,Data Types — Overview,1,course/sql-server/08-data-types/01-data-types-overview.json
859,course,SQL Server,41,Data Types,8,CHAR Data Type,2,course/sql-server/08-data-types/02-char-data-type.json
860,course,SQL Server,41,Data Types,8,VARCHAR Data Type,3,course/sql-server/08-data-types/03-varchar-data-type.json
861,course,SQL Server,41,Data Types,8,"INT Data Types (BIGINT, INT, SMALLINT, TINYINT)",4,course/sql-server/08-data-types/04-int-data-types.json
862,course,SQL Server,41,Data Types,8,NCHAR Data Type & NCHAR vs CHAR,5,course/sql-server/08-data-types/05-nchar-data-type.json
863,course,SQL Server,41,Data Types,8,NVARCHAR Data Type,6,course/sql-server/08-data-types/06-nvarchar-data-type.json
864,course,SQL Server,41,Data Types,8,DATETIME2 Data Type,7,course/sql-server/08-data-types/07-datetime2-data-type.json
865,course,SQL Server,41,Data Types,8,DATE Data Type,8,course/sql-server/08-data-types/08-date-data-type.json
866,course,SQL Server,41,Data Types,8,TIME Data Type,9,course/sql-server/08-data-types/09-time-data-type.json
867,course,SQL Server,41,Data Types,8,DECIMAL Data Type,10,course/sql-server/08-data-types/10-decimal-data-type.json
868,course,SQL Server,41,Data Types,8,BIT Data Type,11,course/sql-server/08-data-types/11-bit-data-type.json
869,course,SQL Server,41,Data Types,8,DATETIMEOFFSET Data Type,12,course/sql-server/08-data-types/12-datetimeoffset-data-type.json
870,course,SQL Server,41,Constraints,9,CHECK Constraint,1,course/sql-server/09-constraints/01-check-constraint.json
871,course,SQL Server,41,Constraints,9,FOREIGN KEY Constraint,2,course/sql-server/09-constraints/02-foreign-key-constraint.json
872,course,SQL Server,41,Constraints,9,NOT NULL Constraint,3,course/sql-server/09-constraints/03-not-null-constraint.json
873,course,SQL Server,41,Constraints,9,UNIQUE Constraint,4,course/sql-server/09-constraints/04-unique-constraint.json
874,course,SQL Server,41,Indexes,10,Indexes — Overview,1,course/sql-server/10-indexes/01-indexes-overview.json
875,course,SQL Server,41,Indexes,10,Clustered Indexes,2,course/sql-server/10-indexes/02-clustered-indexes.json
876,course,SQL Server,41,Indexes,10,CREATE INDEX Statement,3,course/sql-server/10-indexes/03-create-index.json
877,course,SQL Server,41,Indexes,10,Filtered Indexes,4,course/sql-server/10-indexes/04-filtered-indexes.json
878,course,SQL Server,41,Indexes,10,Indexes with Included Columns,5,course/sql-server/10-indexes/05-indexes-with-included-columns.json
879,course,SQL Server,41,Indexes,10,Index on Computed Column,6,course/sql-server/10-indexes/06-index-on-computed-column.json
880,course,SQL Server,41,Indexes,10,Unique Index,7,course/sql-server/10-indexes/07-unique-index.json
881,course,SQL Server,41,Indexes,10,Disable Indexes,8,course/sql-server/10-indexes/08-disable-indexes.json
882,course,SQL Server,41,Indexes,10,Enable Indexes,9,course/sql-server/10-indexes/09-enable-indexes.json
883,course,SQL Server,41,Indexes,10,Rename Index,10,course/sql-server/10-indexes/10-rename-index.json
884,course,SQL Server,41,Indexes,10,DROP INDEX,11,course/sql-server/10-indexes/11-drop-index.json
885,course,SQL Server,41,Views,11,Views — Introduction,1,course/sql-server/11-views/01-views-introduction.json
886,course,SQL Server,41,Views,11,CREATE VIEW,2,course/sql-server/11-views/02-create-view.json
887,course,SQL Server,41,Views,11,DROP VIEW,3,course/sql-server/11-views/03-drop-view.json
888,course,SQL Server,41,Views,11,Get Information About a View,4,course/sql-server/11-views/04-get-information-about-a-view.json
889,course,SQL Server,41,Views,11,Rename a View,5,course/sql-server/11-views/05-rename-a-view.json
890,course,SQL Server,41,Views,11,List All Views,6,course/sql-server/11-views/06-list-all-views.json
891,course,SQL Server,41,Views,11,Indexed Views,7,course/sql-server/11-views/07-indexed-views.json
892,course,SQL Server,41,Stored Procedures & Functions,12,Stored Procedures — Basics,1,course/sql-server/12-stored-procedures-functions/01-stored-procedures-basics.json
893,course,SQL Server,41,Stored Procedures & Functions,12,Stored Procedures Tutorial,2,course/sql-server/12-stored-procedures-functions/02-stored-procedures-tutorial.json
894,course,SQL Server,41,Stored Procedures & Functions,12,Stored Procedure Parameters,3,course/sql-server/12-stored-procedures-functions/03-stored-procedure-parameters.json
895,course,SQL Server,41,Stored Procedures & Functions,12,Output Parameters,4,course/sql-server/12-stored-procedures-functions/04-output-parameters.json
896,course,SQL Server,41,Stored Procedures & Functions,12,Variables in Stored Procedures,5,course/sql-server/12-stored-procedures-functions/05-variables-in-stored-procedures.json
897,course,SQL Server,41,Stored Procedures & Functions,12,Scalar Functions,6,course/sql-server/12-stored-procedures-functions/06-scalar-functions.json
898,course,SQL Server,41,Stored Procedures & Functions,12,Table-Valued Functions,7,course/sql-server/12-stored-procedures-functions/07-table-valued-functions.json
899,course,SQL Server,41,Stored Procedures & Functions,12,User-Defined Functions Tutorial,8,course/sql-server/12-stored-procedures-functions/08-user-defined-functions-tutorial.json
900,course,SQL Server,41,Stored Procedures & Functions,12,DROP FUNCTION,9,course/sql-server/12-stored-procedures-functions/09-drop-function.json
901,course,SQL Server,41,Triggers,13,Triggers Tutorial,1,course/sql-server/13-triggers/01-triggers-tutorial.json
902,course,SQL Server,41,Triggers,13,CREATE TRIGGER,2,course/sql-server/13-triggers/02-create-trigger.json
903,course,SQL Server,41,Triggers,13,DDL Triggers,3,course/sql-server/13-triggers/03-ddl-triggers.json
904,course,SQL Server,41,Triggers,13,INSTEAD OF Trigger,4,course/sql-server/13-triggers/04-instead-of-trigger.json
905,course,SQL Server,41,Triggers,13,DISABLE TRIGGER,5,course/sql-server/13-triggers/05-disable-trigger.json
906,course,SQL Server,41,Triggers,13,ENABLE TRIGGER,6,course/sql-server/13-triggers/06-enable-trigger.json
907,course,SQL Server,41,Triggers,13,DROP TRIGGER,7,course/sql-server/13-triggers/07-drop-trigger.json
908,course,SQL Server,41,Triggers,13,List All Triggers,8,course/sql-server/13-triggers/08-list-all-triggers.json
909,course,SQL Server,41,Triggers,13,View Trigger Definition,9,course/sql-server/13-triggers/09-view-trigger-definition.json
910,course,SQL Server,41,"Transactions, Error Handling & Backup",14,Transaction,1,course/sql-server/14-transactions-error-handling-backup/01-transaction.json
911,course,SQL Server,41,"Transactions, Error Handling & Backup",14,BEGIN...END Statement,2,course/sql-server/14-transactions-error-handling-backup/02-begin-end-statement.json
912,course,SQL Server,41,"Transactions, Error Handling & Backup",14,IF...ELSE Statement,3,course/sql-server/14-transactions-error-handling-backup/03-if-else-statement.json
913,course,SQL Server,41,"Transactions, Error Handling & Backup",14,TRY...CATCH,4,course/sql-server/14-transactions-error-handling-backup/04-try-catch.json
914,course,SQL Server,41,"Transactions, Error Handling & Backup",14,THROW Statement,5,course/sql-server/14-transactions-error-handling-backup/05-throw-statement.json
915,course,SQL Server,41,"Transactions, Error Handling & Backup",14,RAISERROR Statement,6,course/sql-server/14-transactions-error-handling-backup/06-raiserror-statement.json
916,course,SQL Server,41,"Transactions, Error Handling & Backup",14,Full Backup,7,course/sql-server/14-transactions-error-handling-backup/07-full-backup.json
917,course,SQL Server,41,"Transactions, Error Handling & Backup",14,Differential Backup,8,course/sql-server/14-transactions-error-handling-backup/08-differential-backup.json
918,course,SQL Server,41,"Transactions, Error Handling & Backup",14,Transaction Log Backup,9,course/sql-server/14-transactions-error-handling-backup/09-transaction-log-backup.json
919,course,SQL Server,41,"Transactions, Error Handling & Backup",14,Recovery Model,10,course/sql-server/14-transactions-error-handling-backup/10-recovery-model.json
920,course,SQL Server,41,"Transactions, Error Handling & Backup",14,Database Snapshot,11,course/sql-server/14-transactions-error-handling-backup/11-database-snapshot.json
921,course,SQL Server,41,Advanced Topics,15,Cursor,1,course/sql-server/15-advanced-topics/01-cursor.json
922,course,SQL Server,41,Advanced Topics,15,Temporary Tables,2,course/sql-server/15-advanced-topics/02-temporary-tables.json
923,course,SQL Server,41,Advanced Topics,15,Table Variables,3,course/sql-server/15-advanced-topics/03-table-variables.json
924,course,SQL Server,41,Advanced Topics,15,CASE Expression,4,course/sql-server/15-advanced-topics/04-case-expression.json
925,course,SQL Server,41,Advanced Topics,15,COALESCE Expression,5,course/sql-server/15-advanced-topics/05-coalesce-expression.json
926,course,SQL Server,41,Advanced Topics,15,NULLIF,6,course/sql-server/15-advanced-topics/06-nullif.json
927,course,SQL Server,41,Advanced Topics,15,Dynamic SQL,7,course/sql-server/15-advanced-topics/07-dynamic-sql.json
928,course,SQL Server,41,Advanced Topics,15,Deadlock,8,course/sql-server/15-advanced-topics/08-deadlock.json
929,course,SQL Server,41,Advanced Topics,15,WHILE Loop,9,course/sql-server/15-advanced-topics/09-while-loop.json
930,course,SQL Server,41,Advanced Topics,15,BREAK Statement,10,course/sql-server/15-advanced-topics/10-break-statement.json
931,course,SQL Server,41,Advanced Topics,15,CONTINUE Statement,11,course/sql-server/15-advanced-topics/11-continue-statement.json
932,course,SQL Server,41,Performance Tuning & Optimization,16,Execution Plans,1,course/sql-server/16-performance-tuning/execution-plans.json
933,course,SQL Server,41,Performance Tuning & Optimization,16,Query Optimization Techniques,2,course/sql-server/16-performance-tuning/query-optimization.json
934,course,SQL Server,41,Performance Tuning & Optimization,16,Statistics Maintenance,3,course/sql-server/16-performance-tuning/statistics-maintenance.json
935,course,SQL Server,41,Performance Tuning & Optimization,16,Database Engine Tuning Advisor,4,course/sql-server/16-performance-tuning/database-engine-tuning-advisor.json
936,course,SQL Server,41,Performance Tuning & Optimization,16,Query Store,5,course/sql-server/16-performance-tuning/query-store.json
937,course,SQL Server,41,Security Hardening,17,Authentication Modes,1,course/sql-server/17-security-hardening/authentication-modes.json
938,course,SQL Server,41,Security Hardening,17,"Principals, Users, and Roles",2,course/sql-server/17-security-hardening/principals-users-roles.json
939,course,SQL Server,41,Security Hardening,17,"Permissions: GRANT, REVOKE, DENY",3,course/sql-server/17-security-hardening/permissions-grant-revoke.json
940,course,SQL Server,41,Security Hardening,17,Transparent Data Encryption,4,course/sql-server/17-security-hardening/encryption-tde.json
941,course,SQL Server,41,Security Hardening,17,Always Encrypted,5,course/sql-server/17-security-hardening/always-encrypted.json
942,course,SQL Server,41,High Availability & Disaster Recovery,18,Always On Availability Groups,1,course/sql-server/18-high-availability-dr/always-on-availability-groups.json
943,course,SQL Server,41,High Availability & Disaster Recovery,18,Database Mirroring,2,course/sql-server/18-high-availability-dr/database-mirroring.json
944,course,SQL Server,41,High Availability & Disaster Recovery,18,Backup & Restore Strategies,3,course/sql-server/18-high-availability-dr/backup-restore-strategies.json
945,course,SQL Server,41,Data Warehousing Basics,19,Star & Snowflake Schema,1,course/sql-server/19-data-warehousing/star-snowflake-schema.json
946,course,SQL Server,41,Data Warehousing Basics,19,Data Warehouse Fundamentals,2,course/sql-server/19-data-warehousing/data-warehouse-fundamentals.json
947,course,SQL Server,41,Azure SQL,20,Azure SQL Database,1,course/sql-server/20-azure-sql/azure-sql-database.json
948,course,SQL Server,41,Azure SQL,20,Azure SQL Managed Instance,2,course/sql-server/20-azure-sql/azure-sql-managed-instance.json
949,course,SQL Server,41,Modern Data Tools,21,SQL Server Integration Services (SSIS),1,course/sql-server/21-modern-data-tools/sql-server-integration-services.json
950,course,SQL Server,41,Concurrency & Production Database Problems,22,Locks and blocking,1,course/sql-server/concurrency-production-database-problems/locks-and-blocking.json
951,course,SQL Server,41,Database Internals & Query Optimization,22,B-tree indexes and page structure,1,course/sql-server/database-internals-query-optimization/b-tree-indexes-and-page-structure.json
952,course,SQL Server,41,Concurrency & Production Database Problems,22,Deadlocks and deadlock graphs,2,course/sql-server/concurrency-production-database-problems/deadlocks-and-deadlock-graphs.json
953,course,SQL Server,41,Database Internals & Query Optimization,22,Clustered vs nonclustered indexes,2,course/sql-server/database-internals-query-optimization/clustered-vs-nonclustered-indexes.json
954,course,SQL Server,41,Concurrency & Production Database Problems,22,Transaction isolation levels,3,course/sql-server/concurrency-production-database-problems/transaction-isolation-levels.json
955,course,SQL Server,41,Database Internals & Query Optimization,22,Included columns and covering indexes,3,course/sql-server/database-internals-query-optimization/included-columns-and-covering-indexes.json
956,course,SQL Server,41,Concurrency & Production Database Problems,22,Snapshot isolation and row versioning,4,course/sql-server/concurrency-production-database-problems/snapshot-isolation-and-row-versioning.json
957,course,SQL Server,41,Database Internals & Query Optimization,22,Statistics and cardinality estimation,4,course/sql-server/database-internals-query-optimization/statistics-and-cardinality-estimation.json
958,course,SQL Server,41,Concurrency & Production Database Problems,22,Long-running transactions,5,course/sql-server/concurrency-production-database-problems/long-running-transactions.json
959,course,SQL Server,41,Database Internals & Query Optimization,22,How the query optimizer chooses a plan,5,course/sql-server/database-internals-query-optimization/how-the-query-optimizer-chooses-a-plan.json
960,course,SQL Server,41,Concurrency & Production Database Problems,22,Connection pooling and exhaustion,6,course/sql-server/concurrency-production-database-problems/connection-pooling-and-exhaustion.json
961,course,SQL Server,41,Database Internals & Query Optimization,22,Seek vs scan,6,course/sql-server/database-internals-query-optimization/seek-vs-scan.json
962,course,SQL Server,41,Concurrency & Production Database Problems,22,Query regression after deployment,7,course/sql-server/concurrency-production-database-problems/query-regression-after-deployment.json
963,course,SQL Server,41,Database Internals & Query Optimization,22,"Nested loops, hash join and merge join",7,course/sql-server/database-internals-query-optimization/nested-loops-hash-join-and-merge-join.json
964,course,SQL Server,41,Concurrency & Production Database Problems,22,Index maintenance vs actual query performance,8,course/sql-server/concurrency-production-database-problems/index-maintenance-vs-actual-query-performance.json
965,course,SQL Server,41,Database Internals & Query Optimization,22,Key lookup and bookmark lookup,8,course/sql-server/database-internals-query-optimization/key-lookup-and-bookmark-lookup.json
966,course,SQL Server,41,Concurrency & Production Database Problems,22,Read replicas and read/write separation,9,course/sql-server/concurrency-production-database-problems/read-replicas-and-readwrite-separation.json
967,course,SQL Server,41,Database Internals & Query Optimization,22,Execution plan reading workflow,9,course/sql-server/database-internals-query-optimization/execution-plan-reading-workflow.json
968,course,SQL Server,41,Concurrency & Production Database Problems,22,Database capacity planning,10,course/sql-server/concurrency-production-database-problems/database-capacity-planning.json
969,course,SQL Server,41,Database Internals & Query Optimization,22,Parameter sniffing and plan instability,10,course/sql-server/database-internals-query-optimization/parameter-sniffing-and-plan-instability.json
970,course,"DevOps, Docker & Kubernetes",50,Docker Fundamentals,1,What is Docker?,1,course/devops/01-docker-fundamentals/01-what-is-docker.json
971,course,"DevOps, Docker & Kubernetes",50,Docker Fundamentals,1,"Docker Images, Containers & Basic Commands",2,course/devops/01-docker-fundamentals/02-docker-images-containers.json
972,course,"DevOps, Docker & Kubernetes",50,Docker Fundamentals,1,Writing Dockerfiles,3,course/devops/01-docker-fundamentals/03-dockerfile-basics.json
973,course,"DevOps, Docker & Kubernetes",50,Docker Compose & Networking,2,Docker Compose for Multi-Container Apps,1,course/devops/02-docker-advanced/01-docker-compose-multi-container.json
974,course,"DevOps, Docker & Kubernetes",50,Docker Compose & Networking,2,"Docker Volumes, Networks & Registries",2,course/devops/02-docker-advanced/02-docker-volumes-networks.json
975,course,"DevOps, Docker & Kubernetes",50,Docker Compose & Networking,2,Docker Security Best Practices,3,course/devops/02-docker-advanced/03-docker-security.json
976,course,"DevOps, Docker & Kubernetes",50,Kubernetes Fundamentals,3,What is Kubernetes?,1,course/devops/03-kubernetes-fundamentals/01-what-is-kubernetes.json
977,course,"DevOps, Docker & Kubernetes",50,Kubernetes Fundamentals,3,"Pods, Deployments & Services",2,course/devops/03-kubernetes-fundamentals/02-pods-deployments-services.json
978,course,"DevOps, Docker & Kubernetes",50,Kubernetes Fundamentals,3,Mastering kubectl,3,course/devops/03-kubernetes-fundamentals/03-kubectl-commands.json
979,course,"DevOps, Docker & Kubernetes",50,Kubernetes Configuration & Packaging,4,"ConfigMaps, Secrets & Ingress",1,course/devops/04-kubernetes-advanced/01-configmaps-secrets-ingress.json
980,course,"DevOps, Docker & Kubernetes",50,Kubernetes Configuration & Packaging,4,Packaging Apps with Helm Charts,2,course/devops/04-kubernetes-advanced/02-helm-charts.json
981,course,"DevOps, Docker & Kubernetes",50,Kubernetes Configuration & Packaging,4,Kubernetes Monitoring & Observability,3,course/devops/04-kubernetes-advanced/03-k8s-monitoring-observability.json
982,course,"DevOps, Docker & Kubernetes",50,CI/CD Fundamentals & Jenkins,5,CI/CD Fundamentals,1,course/devops/05-ci-cd-fundamentals/01-ci-cd-concepts.json
983,course,"DevOps, Docker & Kubernetes",50,CI/CD Fundamentals & Jenkins,5,Jenkins Fundamentals,2,course/devops/05-ci-cd-fundamentals/02-jenkins-basics.json
984,course,"DevOps, Docker & Kubernetes",50,CI/CD Fundamentals & Jenkins,5,Jenkins Declarative Pipelines,3,course/devops/05-ci-cd-fundamentals/03-jenkins-pipelines.json
985,course,"DevOps, Docker & Kubernetes",50,Modern CI/CD: GitHub Actions & GitLab CI,6,GitHub Actions: Automating Workflows,1,course/devops/06-ci-cd-modern-tools/01-github-actions-workflows.json
986,course,"DevOps, Docker & Kubernetes",50,Modern CI/CD: GitHub Actions & GitLab CI,6,GitLab CI/CD Pipelines,2,course/devops/06-ci-cd-modern-tools/02-gitlab-ci-pipelines.json
987,course,"DevOps, Docker & Kubernetes",50,CI/CD & Safe Delivery,7,Build-test-package-deploy pipeline design,1,course/devops/ci-cd-safe-delivery/build-test-package-deploy-pipeline-design.json
988,course,"DevOps, Docker & Kubernetes",50,Production Docker & Container Security,7,Image layers and build cache,1,course/devops/production-docker-container-security/image-layers-and-build-cache.json
989,course,"DevOps, Docker & Kubernetes",50,Production Kubernetes & Day-2 Operations,7,Pods and workload controllers,1,course/devops/production-kubernetes-day-2-operations/pods-and-workload-controllers.json
990,course,"DevOps, Docker & Kubernetes",50,CI/CD & Safe Delivery,7,Artifact versioning,2,course/devops/ci-cd-safe-delivery/artifact-versioning.json
991,course,"DevOps, Docker & Kubernetes",50,Production Docker & Container Security,7,Multi-stage builds,2,course/devops/production-docker-container-security/multi-stage-builds.json
992,course,"DevOps, Docker & Kubernetes",50,Production Kubernetes & Day-2 Operations,7,Services and service discovery,2,course/devops/production-kubernetes-day-2-operations/services-and-service-discovery.json
993,course,"DevOps, Docker & Kubernetes",50,CI/CD & Safe Delivery,7,Environment promotion,3,course/devops/ci-cd-safe-delivery/environment-promotion.json
994,course,"DevOps, Docker & Kubernetes",50,Production Docker & Container Security,7,Minimal and secure runtime images,3,course/devops/production-docker-container-security/minimal-and-secure-runtime-images.json
995,course,"DevOps, Docker & Kubernetes",50,Production Kubernetes & Day-2 Operations,7,Ingress and traffic routing,3,course/devops/production-kubernetes-day-2-operations/ingress-and-traffic-routing.json
996,course,"DevOps, Docker & Kubernetes",50,CI/CD & Safe Delivery,7,Blue-green deployments,4,course/devops/ci-cd-safe-delivery/blue-green-deployments.json
997,course,"DevOps, Docker & Kubernetes",50,Production Docker & Container Security,7,Container networking,4,course/devops/production-docker-container-security/container-networking.json
998,course,"DevOps, Docker & Kubernetes",50,Production Kubernetes & Day-2 Operations,7,ConfigMaps and Secrets,4,course/devops/production-kubernetes-day-2-operations/configmaps-and-secrets.json
999,course,"DevOps, Docker & Kubernetes",50,CI/CD & Safe Delivery,7,Canary releases,5,course/devops/ci-cd-safe-delivery/canary-releases.json
1000,course,"DevOps, Docker & Kubernetes",50,Production Docker & Container Security,7,Volumes and persistent data,5,course/devops/production-docker-container-security/volumes-and-persistent-data.json
1001,course,"DevOps, Docker & Kubernetes",50,Production Kubernetes & Day-2 Operations,7,"Liveness, readiness and startup probes",5,course/devops/production-kubernetes-day-2-operations/liveness-readiness-and-startup-probes.json
1002,course,"DevOps, Docker & Kubernetes",50,CI/CD & Safe Delivery,7,Feature flags,6,course/devops/ci-cd-safe-delivery/feature-flags.json
1003,course,"DevOps, Docker & Kubernetes",50,Production Docker & Container Security,7,Container health checks,6,course/devops/production-docker-container-security/container-health-checks.json
1004,course,"DevOps, Docker & Kubernetes",50,Production Kubernetes & Day-2 Operations,7,Requests and limits,6,course/devops/production-kubernetes-day-2-operations/requests-and-limits.json
1005,course,"DevOps, Docker & Kubernetes",50,CI/CD & Safe Delivery,7,Database migration safety,7,course/devops/ci-cd-safe-delivery/database-migration-safety.json
1006,course,"DevOps, Docker & Kubernetes",50,Production Docker & Container Security,7,Resource limits,7,course/devops/production-docker-container-security/resource-limits.json
1007,course,"DevOps, Docker & Kubernetes",50,Production Kubernetes & Day-2 Operations,7,Horizontal Pod Autoscaler,7,course/devops/production-kubernetes-day-2-operations/horizontal-pod-autoscaler.json
1008,course,"DevOps, Docker & Kubernetes",50,CI/CD & Safe Delivery,7,Backward-compatible deployments,8,course/devops/ci-cd-safe-delivery/backward-compatible-deployments.json
1009,course,"DevOps, Docker & Kubernetes",50,Production Docker & Container Security,7,Container secrets,8,course/devops/production-docker-container-security/container-secrets.json
1010,course,"DevOps, Docker & Kubernetes",50,Production Kubernetes & Day-2 Operations,7,Rolling deployments and rollback,8,course/devops/production-kubernetes-day-2-operations/rolling-deployments-and-rollback.json
1011,course,"DevOps, Docker & Kubernetes",50,CI/CD & Safe Delivery,7,Rollback strategy,9,course/devops/ci-cd-safe-delivery/rollback-strategy.json
1012,course,"DevOps, Docker & Kubernetes",50,Production Docker & Container Security,7,Image scanning and supply-chain security,9,course/devops/production-docker-container-security/image-scanning-and-supply-chain-security.json
1013,course,"DevOps, Docker & Kubernetes",50,Production Kubernetes & Day-2 Operations,7,RBAC and namespaces,9,course/devops/production-kubernetes-day-2-operations/rbac-and-namespaces.json
1014,course,"DevOps, Docker & Kubernetes",50,CI/CD & Safe Delivery,7,Supply-chain security in CI/CD,10,course/devops/ci-cd-safe-delivery/supply-chain-security-in-cicd.json
1015,course,"DevOps, Docker & Kubernetes",50,Production Kubernetes & Day-2 Operations,7,Day-2 troubleshooting workflow,10,course/devops/production-kubernetes-day-2-operations/day-2-troubleshooting-workflow.json
1016,course,OOPs Concepts,51,OOP Fundamentals,1,What is OOP,1,course/oops-concepts/01-oop-fundamentals/what-is-oop.json
1017,course,OOPs Concepts,51,OOP Fundamentals,1,Classes and Objects,2,course/oops-concepts/01-oop-fundamentals/classes-objects.json
1018,course,OOPs Concepts,51,OOP Fundamentals,1,Constructors,3,course/oops-concepts/01-oop-fundamentals/constructors.json
1019,course,OOPs Concepts,51,OOP Fundamentals,1,Access Modifiers,4,course/oops-concepts/01-oop-fundamentals/access-modifiers.json
1020,course,OOPs Concepts,51,Encapsulation & Data Hiding,2,Encapsulation Basics,1,course/oops-concepts/02-encapsulation-data-hiding/encapsulation-basics.json
1021,course,OOPs Concepts,51,Encapsulation & Data Hiding,2,Properties,2,course/oops-concepts/02-encapsulation-data-hiding/properties.json
1022,course,OOPs Concepts,51,Encapsulation & Data Hiding,2,Auto-Properties,3,course/oops-concepts/02-encapsulation-data-hiding/auto-properties.json
1023,course,OOPs Concepts,51,Encapsulation & Data Hiding,2,Read-Only Fields,4,course/oops-concepts/02-encapsulation-data-hiding/read-only-fields.json
1024,course,OOPs Concepts,51,Inheritance,3,Inheritance Basics,1,course/oops-concepts/03-inheritance/inheritance-basics.json
1025,course,OOPs Concepts,51,Inheritance,3,Method Overriding,2,course/oops-concepts/03-inheritance/method-overriding.json
1026,course,OOPs Concepts,51,Inheritance,3,Sealed Classes,3,course/oops-concepts/03-inheritance/sealed-classes.json
1027,course,OOPs Concepts,51,Inheritance,3,Inheritance Hierarchies,4,course/oops-concepts/03-inheritance/inheritance-hierarchies.json
1028,course,OOPs Concepts,51,Polymorphism,4,Polymorphism Basics,1,course/oops-concepts/04-polymorphism/polymorphism-basics.json
1029,course,OOPs Concepts,51,Polymorphism,4,Compile-Time Polymorphism,2,course/oops-concepts/04-polymorphism/compile-time-polymorphism.json
1030,course,OOPs Concepts,51,Polymorphism,4,Runtime Polymorphism,3,course/oops-concepts/04-polymorphism/runtime-polymorphism.json
1031,course,OOPs Concepts,51,Polymorphism,4,Operator Overloading,4,course/oops-concepts/04-polymorphism/operator-overloading.json
1032,course,OOPs Concepts,51,Abstraction,5,Abstraction Basics,1,course/oops-concepts/05-abstraction/abstraction-basics.json
1033,course,OOPs Concepts,51,Abstraction,5,Abstract Classes,2,course/oops-concepts/05-abstraction/abstract-classes.json
1034,course,OOPs Concepts,51,Abstraction,5,Abstract Class vs Interface,3,course/oops-concepts/05-abstraction/abstract-vs-interface.json
1035,course,OOPs Concepts,51,Abstraction,5,Real-World Abstraction,4,course/oops-concepts/05-abstraction/real-world-abstraction.json
1036,course,OOPs Concepts,51,Interfaces & Abstract Classes,6,Interface Basics,1,course/oops-concepts/06-interfaces-abstract-classes/interface-basics.json
1037,course,OOPs Concepts,51,Interfaces & Abstract Classes,6,Multiple Interfaces,2,course/oops-concepts/06-interfaces-abstract-classes/multiple-interfaces.json
1038,course,OOPs Concepts,51,Interfaces & Abstract Classes,6,Default Interface Methods,3,course/oops-concepts/06-interfaces-abstract-classes/default-interface-methods.json
1039,course,OOPs Concepts,51,Interfaces & Abstract Classes,6,Explicit Interface Implementation,4,course/oops-concepts/06-interfaces-abstract-classes/explicit-interface-implementation.json
1040,course,OOPs Concepts,51,Design Principles,7,SOLID Principles,1,course/oops-concepts/07-design-principles/solid-principles.json
1041,course,OOPs Concepts,51,Design Principles,7,DRY Principle,2,course/oops-concepts/07-design-principles/dry-principle.json
1042,course,Design Patterns in C#,52,Creational Patterns,1,Singleton Pattern,1,course/design-patterns/01-creational-patterns/singleton-pattern.json
1043,course,Design Patterns in C#,52,Creational Patterns,1,Factory Pattern,2,course/design-patterns/01-creational-patterns/factory-pattern.json
1044,course,Design Patterns in C#,52,Creational Patterns,1,Builder Pattern,3,course/design-patterns/01-creational-patterns/builder-pattern.json
1045,course,Design Patterns in C#,52,Creational Patterns,1,Prototype Pattern,4,course/design-patterns/01-creational-patterns/prototype-pattern.json
1046,course,Design Patterns in C#,52,Structural Patterns,2,Adapter Pattern,1,course/design-patterns/02-structural-patterns/adapter-pattern.json
1047,course,Design Patterns in C#,52,Structural Patterns,2,Decorator Pattern,2,course/design-patterns/02-structural-patterns/decorator-pattern.json
1048,course,Design Patterns in C#,52,Structural Patterns,2,Facade Pattern,3,course/design-patterns/02-structural-patterns/facade-pattern.json
1049,course,Design Patterns in C#,52,Structural Patterns,2,Proxy Pattern,4,course/design-patterns/02-structural-patterns/proxy-pattern.json
1050,course,Design Patterns in C#,52,Behavioral Patterns,3,Observer Pattern,1,course/design-patterns/03-behavioral-patterns/observer-pattern.json
1051,course,Design Patterns in C#,52,Behavioral Patterns,3,Strategy Pattern,2,course/design-patterns/03-behavioral-patterns/strategy-pattern.json
1052,course,Design Patterns in C#,52,Behavioral Patterns,3,Command Pattern,3,course/design-patterns/03-behavioral-patterns/command-pattern.json
1053,course,Design Patterns in C#,52,Behavioral Patterns,3,Iterator Pattern,4,course/design-patterns/03-behavioral-patterns/iterator-pattern.json
1054,course,Design Patterns in C#,52,Enterprise Patterns,4,Repository Pattern,1,course/design-patterns/04-enterprise-patterns/repository-pattern.json
1055,course,Design Patterns in C#,52,Enterprise Patterns,4,Unit of Work Pattern,2,course/design-patterns/04-enterprise-patterns/unit-of-work.json
1056,course,Design Patterns in C#,52,Enterprise Patterns,4,Mediator Pattern,3,course/design-patterns/04-enterprise-patterns/mediator-pattern.json
1057,course,Design Patterns in C#,52,Enterprise Patterns,4,CQRS Basics,4,course/design-patterns/04-enterprise-patterns/cqrs-basics.json
1058,course,Design Patterns in C#,52,Concurrency Patterns,5,Producer-Consumer Pattern,1,course/design-patterns/05-concurrency-patterns/producer-consumer-pattern.json
1059,course,Design Patterns in C#,52,Concurrency Patterns,5,Reader-Writer Locks,2,course/design-patterns/05-concurrency-patterns/reader-writer-locks.json
1060,course,Design Patterns in C#,52,Concurrency Patterns,5,Thread Pool Pattern,3,course/design-patterns/05-concurrency-patterns/thread-pool-pattern.json
1061,course,Design Patterns in C#,52,Concurrency Patterns,5,Async/Await Patterns,4,course/design-patterns/05-concurrency-patterns/async-await-patterns.json
1062,course,Design Patterns in C#,52,Concurrency Patterns,5,Barrier Pattern,5,course/design-patterns/05-concurrency-patterns/barrier-pattern.json
1063,course,Design Patterns in C#,52,Architectural Patterns,6,MVC Pattern,1,course/design-patterns/06-architectural-patterns/mvc-pattern.json
1064,course,Design Patterns in C#,52,Architectural Patterns,6,MVVM Pattern,2,course/design-patterns/06-architectural-patterns/mvvm-pattern.json
1065,course,Design Patterns in C#,52,Architectural Patterns,6,Clean Architecture,3,course/design-patterns/06-architectural-patterns/clean-architecture.json
1066,course,Design Patterns in C#,52,Architectural Patterns,6,Onion Architecture,4,course/design-patterns/06-architectural-patterns/onion-architecture.json
1067,course,Authentication & Authorization,53,Authentication Basics,1,Authentication Overview,1,course/authentication-authorization/01-auth-basics/auth-overview.json
1068,course,Authentication & Authorization,53,Authentication Basics,1,Authentication vs Authorization,2,course/authentication-authorization/01-auth-basics/authentication-vs-authorization.json
1069,course,Authentication & Authorization,53,Authentication Basics,1,Cookie Authentication,3,course/authentication-authorization/01-auth-basics/cookie-auth.json
1070,course,Authentication & Authorization,53,Authentication Basics,1,Session vs Token Authentication,4,course/authentication-authorization/01-auth-basics/session-vs-token.json
1071,course,Authentication & Authorization,53,JWT Authentication,2,JWT Overview,1,course/authentication-authorization/02-jwt/jwt-overview.json
1072,course,Authentication & Authorization,53,JWT Authentication,2,Creating JWTs,2,course/authentication-authorization/02-jwt/creating-jwt.json
1073,course,Authentication & Authorization,53,JWT Authentication,2,Validating JWTs,3,course/authentication-authorization/02-jwt/validating-jwt.json
1074,course,Authentication & Authorization,53,JWT Authentication,2,React Integration,4,course/authentication-authorization/02-jwt/react-integration.json
1075,course,Authentication & Authorization,53,ASP.NET Core Identity,3,Identity Overview,1,course/authentication-authorization/03-identity/identity-overview.json
1076,course,Authentication & Authorization,53,ASP.NET Core Identity,3,Setting Up Identity,2,course/authentication-authorization/03-identity/setup-identity.json
1077,course,Authentication & Authorization,53,ASP.NET Core Identity,3,Roles and Authorization,3,course/authentication-authorization/03-identity/roles-authorization.json
1078,course,Authentication & Authorization,53,OAuth 2.0 and OpenID Connect,4,OAuth 2.0 Overview,1,course/authentication-authorization/04-oauth/oauth-overview.json
1079,course,Authentication & Authorization,53,OAuth 2.0 and OpenID Connect,4,External Authentication Providers,2,course/authentication-authorization/04-oauth/external-providers.json
1080,course,Authentication & Authorization,53,OAuth 2.0 and OpenID Connect,4,OpenID Connect,3,course/authentication-authorization/04-oauth/openid-connect.json
1081,course,Authentication & Authorization,53,OAuth2 Flows Deep Dive,5,Authorization Code Flow,1,course/authentication-authorization/05-oauth2-flows-deep-dive/authorization-code-flow.json
1082,course,Authentication & Authorization,53,OAuth2 Flows Deep Dive,5,PKCE Flow,2,course/authentication-authorization/05-oauth2-flows-deep-dive/pkce-flow.json
1083,course,Authentication & Authorization,53,OAuth2 Flows Deep Dive,5,Client Credentials Flow,3,course/authentication-authorization/05-oauth2-flows-deep-dive/client-credentials-flow.json
1084,course,Authentication & Authorization,53,Advanced Authorization,6,Role-Based Authorization,1,course/authentication-authorization/06-advanced-authorization/role-based-authorization.json
1085,course,Authentication & Authorization,53,Advanced Authorization,6,Claims-Based Authorization,2,course/authentication-authorization/06-advanced-authorization/claims-based-authorization.json
1086,course,Authentication & Authorization,53,Advanced Authorization,6,Policy-Based Authorization,3,course/authentication-authorization/06-advanced-authorization/policy-based-authorization.json
1087,course,Authentication & Authorization,53,Advanced Authorization,6,Resource-Based Authorization,4,course/authentication-authorization/06-advanced-authorization/resource-based-authorization.json
1088,course,Authentication & Authorization,53,Advanced Authorization,6,Custom Authorization Handlers,5,course/authentication-authorization/06-advanced-authorization/custom-authorization-handlers.json
1089,course,Authentication & Authorization,53,Refresh Token Strategies,7,Refresh Token Basics,1,course/authentication-authorization/07-refresh-token-strategies/refresh-token-basics.json
1090,course,Authentication & Authorization,53,Refresh Token Strategies,7,Token Rotation,2,course/authentication-authorization/07-refresh-token-strategies/token-rotation.json
1091,course,Authentication & Authorization,53,Refresh Token Strategies,7,Sliding Expiration,3,course/authentication-authorization/07-refresh-token-strategies/sliding-expiration.json
1092,course,Authentication & Authorization,53,Refresh Token Strategies,7,Token Revocation,4,course/authentication-authorization/07-refresh-token-strategies/token-revocation.json
1093,course,Authentication & Authorization,53,Refresh Token Strategies,7,Secure Storage Strategies,5,course/authentication-authorization/07-refresh-token-strategies/secure-storage-strategies.json
1094,course,Authentication & Authorization,53,SSO & Identity Providers,8,SSO Fundamentals,1,course/authentication-authorization/08-sso-identity-providers/sso-fundamentals.json
1095,course,Authentication & Authorization,53,SSO & Identity Providers,8,SAML 2.0 Basics,2,course/authentication-authorization/08-sso-identity-providers/saml2-basics.json
1096,course,Authentication & Authorization,53,SSO & Identity Providers,8,Azure AD Integration,3,course/authentication-authorization/08-sso-identity-providers/azure-ad-integration.json
1097,course,Authentication & Authorization,53,SSO & Identity Providers,8,Auth0 Integration,4,course/authentication-authorization/08-sso-identity-providers/auth0-integration.json
1098,course,Authentication & Authorization,53,SSO & Identity Providers,8,Identity Federation,5,course/authentication-authorization/08-sso-identity-providers/identity-federation.json
1099,course,Authentication & Authorization,53,Security Best Practices,9,Passwordless Authentication,1,course/authentication-authorization/09-security-best-practices/passwordless-authentication.json
1100,course,Authentication & Authorization,53,Security Best Practices,9,Multi-Factor Authentication,2,course/authentication-authorization/09-security-best-practices/multi-factor-authentication.json
1101,course,Authentication & Authorization,53,Security Best Practices,9,Session Management,3,course/authentication-authorization/09-security-best-practices/session-management.json
1102,course,Authentication & Authorization,53,Security Best Practices,9,CSRF and XSS Protection,4,course/authentication-authorization/09-security-best-practices/csrf-xss-protection.json
1103,course,Authentication & Authorization,53,Security Best Practices,9,Rate Limiting and Security Hardening,5,course/authentication-authorization/09-security-best-practices/rate-limiting-security.json
1104,course,Full-Stack Security for .NET and React,54,CORS Configuration,1,Understanding CORS,1,course/fullstack-security/01-cors-configuration/understanding-cors.json
1105,course,Full-Stack Security for .NET and React,54,CORS Configuration,1,CORS in ASP.NET Core,2,course/fullstack-security/01-cors-configuration/cors-in-aspnet-core.json
1106,course,Full-Stack Security for .NET and React,54,CORS Configuration,1,CORS with React,3,course/fullstack-security/01-cors-configuration/cors-with-react.json
1107,course,Full-Stack Security for .NET and React,54,CORS Configuration,1,CORS Best Practices,4,course/fullstack-security/01-cors-configuration/cors-best-practices.json
1108,course,Full-Stack Security for .NET and React,54,JWT Authentication,2,JWT Basics and Structure,1,course/fullstack-security/02-jwt-authentication/jwt-basics.json
1109,course,Full-Stack Security for .NET and React,54,JWT Authentication,2,JWT Storage: HttpOnly Cookies vs localStorage,2,course/fullstack-security/02-jwt-authentication/jwt-storage-options.json
1110,course,Full-Stack Security for .NET and React,54,XSS and CSRF Protection,3,Understanding XSS and CSRF,1,course/fullstack-security/03-xss-csrf-protection/understanding-xss-csrf.json
1111,course,Full-Stack Security for .NET and React,54,XSS and CSRF Protection,3,XSS Prevention Techniques,2,course/fullstack-security/03-xss-csrf-protection/xss-prevention-techniques.json
1112,course,Full-Stack Security for .NET and React,54,XSS and CSRF Protection,3,CSRF Protection in ASP.NET Core,3,course/fullstack-security/03-xss-csrf-protection/csrf-protection-aspnet.json
1113,course,Full-Stack Security for .NET and React,54,XSS and CSRF Protection,3,Securing React Applications,4,course/fullstack-security/03-xss-csrf-protection/securing-react-apps.json
1114,course,Full-Stack Security for .NET and React,54,API Security and Rate Limiting,4,API Security Fundamentals,1,course/fullstack-security/04-api-security-rate-limiting/api-security-fundamentals.json
1115,course,Full-Stack Security for .NET and React,54,API Security and Rate Limiting,4,Rate Limiting in ASP.NET Core,2,course/fullstack-security/04-api-security-rate-limiting/rate-limiting-in-aspnet.json
1116,course,Full-Stack Security for .NET and React,54,API Security and Rate Limiting,4,Implementing API Keys,3,course/fullstack-security/04-api-security-rate-limiting/implementing-api-keys.json
1117,course,Full-Stack Security for .NET and React,54,API Security and Rate Limiting,4,Logging and Monitoring,4,course/fullstack-security/04-api-security-rate-limiting/logging-and-monitoring.json
1118,course,Full-Stack Security for .NET and React,54,Secure API Design,5,API Design Principles,1,course/fullstack-security/05-secure-api-design/api-design-principles.json
1119,course,Full-Stack Security for .NET and React,54,Secure API Design,5,Input Validation,2,course/fullstack-security/05-secure-api-design/input-validation.json
1120,course,Full-Stack Security for .NET and React,54,Secure API Design,5,Output Encoding,3,course/fullstack-security/05-secure-api-design/output-encoding.json
1121,course,Full-Stack Security for .NET and React,54,Dependency Security,6,Dependency Scanning,1,course/fullstack-security/06-dependency-security/dependency-scanning.json
1122,course,Full-Stack Security for .NET and React,54,Dependency Security,6,NuGet Security,2,course/fullstack-security/06-dependency-security/nuget-security.json
1123,course,Full-Stack Security for .NET and React,54,Dependency Security,6,NPM Security for React,3,course/fullstack-security/06-dependency-security/npm-security.json
1124,course,Full-Stack Security for .NET and React,54,Environment and Secrets Management,7,Environment Configuration,1,course/fullstack-security/07-environment-secrets/environment-configuration.json
1125,course,Full-Stack Security for .NET and React,54,Environment and Secrets Management,7,Secrets Management,2,course/fullstack-security/07-environment-secrets/secrets-management.json
1126,course,Full-Stack Security for .NET and React,54,Environment and Secrets Management,7,Credential Handling,3,course/fullstack-security/07-environment-secrets/credential-handling.json
1127,course,Full-Stack Security for .NET and React,54,Security Testing,8,Security Testing Fundamentals,1,course/fullstack-security/08-security-testing/security-testing-fundamentals.json
1128,course,Full-Stack Security for .NET and React,54,Security Testing,8,Penetration Testing Basics,2,course/fullstack-security/08-security-testing/penetration-testing-basics.json
1129,course,Full-Stack Security for .NET and React,54,Modern Web Security & Identity,9,Broken access control and IDOR/BOLA,1,course/fullstack-security/modern-web-security-identity/broken-access-control-and-idorbola.json
1130,course,Full-Stack Security for .NET and React,54,Modern Web Security & Identity,9,XSS and output encoding,2,course/fullstack-security/modern-web-security-identity/xss-and-output-encoding.json
1131,course,Full-Stack Security for .NET and React,54,Modern Web Security & Identity,9,CSRF and same-site cookies,3,course/fullstack-security/modern-web-security-identity/csrf-and-same-site-cookies.json
1132,course,Full-Stack Security for .NET and React,54,Modern Web Security & Identity,9,CSP and browser security headers,4,course/fullstack-security/modern-web-security-identity/csp-and-browser-security-headers.json
1133,course,Full-Stack Security for .NET and React,54,Modern Web Security & Identity,9,SSRF and server-side request validation,5,course/fullstack-security/modern-web-security-identity/ssrf-and-server-side-request-validation.json
1134,course,Full-Stack Security for .NET and React,54,Modern Web Security & Identity,9,Path traversal and file upload security,6,course/fullstack-security/modern-web-security-identity/path-traversal-and-file-upload-security.json
1135,course,Full-Stack Security for .NET and React,54,Modern Web Security & Identity,9,SQL injection and parameterization,7,course/fullstack-security/modern-web-security-identity/sql-injection-and-parameterization.json
1136,course,Full-Stack Security for .NET and React,54,Modern Web Security & Identity,9,Open redirects and URL validation,8,course/fullstack-security/modern-web-security-identity/open-redirects-and-url-validation.json
1137,course,Full-Stack Security for .NET and React,54,Modern Web Security & Identity,9,JWT pitfalls and token storage,9,course/fullstack-security/modern-web-security-identity/jwt-pitfalls-and-token-storage.json
1138,course,Full-Stack Security for .NET and React,54,Modern Web Security & Identity,9,Refresh token rotation,10,course/fullstack-security/modern-web-security-identity/refresh-token-rotation.json
1139,course,Full-Stack Security for .NET and React,54,Modern Web Security & Identity,9,OAuth 2.0 roles and flows,11,course/fullstack-security/modern-web-security-identity/oauth-20-roles-and-flows.json
1140,course,Full-Stack Security for .NET and React,54,Modern Web Security & Identity,9,Authorization Code flow with PKCE,12,course/fullstack-security/modern-web-security-identity/authorization-code-flow-with-pkce.json
1141,course,Full-Stack Security for .NET and React,54,Modern Web Security & Identity,9,OpenID Connect,13,course/fullstack-security/modern-web-security-identity/openid-connect.json
1142,course,Full-Stack Security for .NET and React,54,Modern Web Security & Identity,9,Client credentials for service-to-service calls,14,course/fullstack-security/modern-web-security-identity/client-credentials-for-service-to-service-calls.json
1143,course,Full-Stack Security for .NET and React,54,Modern Web Security & Identity,9,"Scopes, claims, roles and policies",15,course/fullstack-security/modern-web-security-identity/scopes-claims-roles-and-policies.json
1144,course,Full-Stack Security for .NET and React,54,Modern Web Security & Identity,9,SSO and identity provider integration,16,course/fullstack-security/modern-web-security-identity/sso-and-identity-provider-integration.json
1145,course,Full-Stack Security for .NET and React,54,Modern Web Security & Identity,9,Secret storage and rotation,17,course/fullstack-security/modern-web-security-identity/secret-storage-and-rotation.json
1146,course,Microsoft Azure for Developers,55,Azure Developer Foundations,1,What is Azure,1,course/azure/01-azure-developer-foundations/what-is-azure.json
1147,course,Clean Code & Architecture in C#,55,SOLID Principles,1,Single Responsibility Principle,1,course/clean-code-csharp/01-solid-principles/single-responsibility.json
1148,course,Microsoft Azure for Developers,55,Azure Developer Foundations,1,Azure Resource Hierarchy,2,course/azure/01-azure-developer-foundations/azure-resource-hierarchy.json
1149,course,Clean Code & Architecture in C#,55,SOLID Principles,1,Open/Closed Principle,2,course/clean-code-csharp/01-solid-principles/open-closed.json
1150,course,Microsoft Azure for Developers,55,Azure Developer Foundations,1,"Subscriptions, Resource Groups, and Resources",3,course/azure/01-azure-developer-foundations/subscriptions-resource-groups-resources.json
1151,course,Clean Code & Architecture in C#,55,SOLID Principles,1,Liskov Substitution Principle,3,course/clean-code-csharp/01-solid-principles/liskov-substitution.json
1152,course,Microsoft Azure for Developers,55,Azure Developer Foundations,1,Azure Portal and Cloud Shell,4,course/azure/01-azure-developer-foundations/azure-portal-and-cloud-shell.json
1153,course,Clean Code & Architecture in C#,55,SOLID Principles,1,Interface Segregation Principle,4,course/clean-code-csharp/01-solid-principles/interface-segregation.json
1154,course,Microsoft Azure for Developers,55,Azure Developer Foundations,1,Azure Regions and Availability Zones,5,course/azure/01-azure-developer-foundations/azure-regions-availability-zones.json
1155,course,Clean Code & Architecture in C#,55,SOLID Principles,1,Dependency Inversion Principle,5,course/clean-code-csharp/01-solid-principles/dependency-inversion.json
1156,course,Microsoft Azure for Developers,55,Azure Developer Foundations,1,Azure Resource Manager,6,course/azure/01-azure-developer-foundations/azure-resource-manager.json
1157,course,Microsoft Azure for Developers,55,Azure Developer Foundations,1,Azure CLI and Developer Tooling,7,course/azure/01-azure-developer-foundations/azure-cli-developer-tooling.json
1158,course,Microsoft Azure for Developers,55,Azure Developer Foundations,1,Azure Cloud Shell Deep Dive,8,course/azure/01-azure-developer-foundations/azure-cloud-shell.json
1159,course,Microsoft Azure for Developers,55,Azure Developer Foundations,1,Azure Developer Workflows,9,course/azure/01-azure-developer-foundations/azure-developer-workflows.json
1160,course,Microsoft Azure for Developers,55,Compute and App Hosting,2,Compute Options for Developers,1,course/azure/02-compute-and-app-hosting/compute-options-for-developers.json
1161,course,Clean Code & Architecture in C#,55,Creational Design Patterns,2,Singleton Pattern,1,course/clean-code-csharp/02-creational-patterns/singleton-pattern.json
1162,course,Microsoft Azure for Developers,55,Compute and App Hosting,2,Virtual Machines Overview,2,course/azure/02-compute-and-app-hosting/virtual-machines-overview.json
1163,course,Clean Code & Architecture in C#,55,Creational Design Patterns,2,Factory Pattern,2,course/clean-code-csharp/02-creational-patterns/factory-pattern.json
1164,course,Microsoft Azure for Developers,55,Compute and App Hosting,2,App Service Overview,3,course/azure/02-compute-and-app-hosting/app-service-overview.json
1165,course,Clean Code & Architecture in C#,55,Creational Design Patterns,2,Builder Pattern,3,course/clean-code-csharp/02-creational-patterns/builder-pattern.json
1166,course,Microsoft Azure for Developers,55,Compute and App Hosting,2,App Service App Configuration,4,course/azure/02-compute-and-app-hosting/app-service-app-configuration.json
1167,course,Clean Code & Architecture in C#,55,Creational Design Patterns,2,Prototype Pattern,4,course/clean-code-csharp/02-creational-patterns/prototype-pattern.json
1168,course,Microsoft Azure for Developers,55,Compute and App Hosting,2,App Service Deployment,5,course/azure/02-compute-and-app-hosting/app-service-deployment.json
1169,course,Microsoft Azure for Developers,55,Compute and App Hosting,2,App Service Deployment Slots,6,course/azure/02-compute-and-app-hosting/app-service-deployment-slots.json
1170,course,Microsoft Azure for Developers,55,Compute and App Hosting,2,App Service Scaling and Autoscale,7,course/azure/02-compute-and-app-hosting/app-service-scaling-and-autoscale.json
1171,course,Microsoft Azure for Developers,55,Compute and App Hosting,2,App Service vs Functions vs Container Apps,8,course/azure/02-compute-and-app-hosting/app-service-vs-functions-vs-container-apps.json
1172,course,Microsoft Azure for Developers,55,Compute and App Hosting,2,Choosing an Azure Hosting Model,9,course/azure/02-compute-and-app-hosting/choosing-an-azure-hosting-model.json
1173,course,Microsoft Azure for Developers,55,Serverless and Azure Functions,3,Azure Functions Overview,1,course/azure/03-serverless-and-azure-functions/azure-functions-overview.json
1174,course,Clean Code & Architecture in C#,55,Structural Design Patterns,3,Adapter Pattern,1,course/clean-code-csharp/03-structural-patterns/adapter-pattern.json
1175,course,Microsoft Azure for Developers,55,Serverless and Azure Functions,3,Functions Programming Models: In-Process vs Isolated,2,course/azure/03-serverless-and-azure-functions/functions-programming-models.json
1176,course,Clean Code & Architecture in C#,55,Structural Design Patterns,3,Decorator Pattern,2,course/clean-code-csharp/03-structural-patterns/decorator-pattern.json
1177,course,Microsoft Azure for Developers,55,Serverless and Azure Functions,3,Functions Triggers,3,course/azure/03-serverless-and-azure-functions/functions-triggers.json
1178,course,Clean Code & Architecture in C#,55,Structural Design Patterns,3,Facade Pattern,3,course/clean-code-csharp/03-structural-patterns/facade-pattern.json
1179,course,Microsoft Azure for Developers,55,Serverless and Azure Functions,3,Functions Input and Output Bindings,4,course/azure/03-serverless-and-azure-functions/functions-bindings.json
1180,course,Clean Code & Architecture in C#,55,Structural Design Patterns,3,Composite Pattern,4,course/clean-code-csharp/03-structural-patterns/composite-pattern.json
1181,course,Microsoft Azure for Developers,55,Serverless and Azure Functions,3,Building HTTP APIs with Azure Functions,5,course/azure/03-serverless-and-azure-functions/functions-http-apis.json
1182,course,Microsoft Azure for Developers,55,Serverless and Azure Functions,3,Storage Queues and Timer Triggers,6,course/azure/03-serverless-and-azure-functions/functions-storage-queues-and-timers.json
1183,course,Microsoft Azure for Developers,55,Serverless and Azure Functions,3,Event-Driven Development with Azure Functions,7,course/azure/03-serverless-and-azure-functions/functions-event-driven-development.json
1184,course,Microsoft Azure for Developers,55,Serverless and Azure Functions,3,Dependency Injection and Configuration in Azure Functions,8,course/azure/03-serverless-and-azure-functions/functions-dependency-injection-and-configuration.json
1185,course,Microsoft Azure for Developers,55,Serverless and Azure Functions,3,Functions Scaling and Hosting Plans,9,course/azure/03-serverless-and-azure-functions/functions-scaling-and-hosting-plans.json
1186,course,Microsoft Azure for Developers,55,Serverless and Azure Functions,3,Durable Functions: Long-Running Workflows,10,course/azure/03-serverless-and-azure-functions/functions-durable-workflows.json
1187,course,Microsoft Azure for Developers,55,Serverless and Azure Functions,3,Local Development and Debugging Azure Functions,11,course/azure/03-serverless-and-azure-functions/functions-local-development-and-debugging.json
1188,course,Microsoft Azure for Developers,55,Containers and Container Platforms,4,Containers and Container Images,1,course/azure/04-containers-and-container-platforms/containers-and-container-images.json
1189,course,Clean Code & Architecture in C#,55,Behavioral Design Patterns,4,Observer Pattern,1,course/clean-code-csharp/04-behavioral-patterns/observer-pattern.json
1190,course,Microsoft Azure for Developers,55,Containers and Container Platforms,4,Dockerfiles and Container Development,2,course/azure/04-containers-and-container-platforms/dockerfiles-and-container-development.json
1191,course,Clean Code & Architecture in C#,55,Behavioral Design Patterns,4,Strategy Pattern,2,course/clean-code-csharp/04-behavioral-patterns/strategy-pattern.json
1192,course,Microsoft Azure for Developers,55,Containers and Container Platforms,4,Azure Container Registry Overview,3,course/azure/04-containers-and-container-platforms/azure-container-registry-overview.json
1193,course,Clean Code & Architecture in C#,55,Behavioral Design Patterns,4,Command Pattern,3,course/clean-code-csharp/04-behavioral-patterns/command-pattern.json
1194,course,Microsoft Azure for Developers,55,Containers and Container Platforms,4,"ACR Images, Tags, and Repositories",4,course/azure/04-containers-and-container-platforms/acr-images-tags-and-repositories.json
1195,course,Clean Code & Architecture in C#,55,Behavioral Design Patterns,4,Chain of Responsibility,4,course/clean-code-csharp/04-behavioral-patterns/chain-of-responsibility.json
1196,course,Microsoft Azure for Developers,55,Containers and Container Platforms,4,ACR Authentication and Managed Identity,5,course/azure/04-containers-and-container-platforms/acr-authentication-and-managed-identity.json
1197,course,Microsoft Azure for Developers,55,Containers and Container Platforms,4,Azure Container Apps Overview,6,course/azure/04-containers-and-container-platforms/container-apps-overview.json
1198,course,Microsoft Azure for Developers,55,Containers and Container Platforms,4,Container Apps Revisions and Ingress,7,course/azure/04-containers-and-container-platforms/container-apps-revisions-and-ingress.json
1199,course,Microsoft Azure for Developers,55,Containers and Container Platforms,4,Container Apps Scaling and Dapr,8,course/azure/04-containers-and-container-platforms/container-apps-scaling-and-dapr.json
1200,course,Microsoft Azure for Developers,55,Containers and Container Platforms,4,Container Apps vs AKS,9,course/azure/04-containers-and-container-platforms/container-apps-vs-aks.json
1201,course,Microsoft Azure for Developers,55,Containers and Container Platforms,4,AKS Overview for Developers,10,course/azure/04-containers-and-container-platforms/aks-overview-for-developers.json
1202,course,Microsoft Azure for Developers,55,Containers and Container Platforms,4,"AKS Deployments, Services, and Ingress",11,course/azure/04-containers-and-container-platforms/aks-deployments-services-and-ingress.json
1203,course,Microsoft Azure for Developers,55,Containers and Container Platforms,4,AKS Configuration and Secrets,12,course/azure/04-containers-and-container-platforms/aks-configuration-and-secrets.json
1204,course,Microsoft Azure for Developers,55,Containers and Container Platforms,4,AKS Scaling and Day-2 Operations,13,course/azure/04-containers-and-container-platforms/aks-scaling-and-operations.json
1205,course,Microsoft Azure for Developers,55,Containers and Container Platforms,4,AKS vs Container Apps vs App Service,14,course/azure/04-containers-and-container-platforms/aks-vs-container-apps-vs-app-service.json
1206,course,Microsoft Azure for Developers,55,Storage and Data Services,5,Azure Storage Overview,1,course/azure/05-storage-and-data-services/azure-storage-overview.json
1207,course,Clean Code & Architecture in C#,55,Clean Code Practices,5,Meaningful Names,1,course/clean-code-csharp/05-clean-code-practices/meaningful-names.json
1208,course,Microsoft Azure for Developers,55,Storage and Data Services,5,Blob Storage Basics,2,course/azure/05-storage-and-data-services/blob-storage-basics.json
1209,course,Clean Code & Architecture in C#,55,Clean Code Practices,5,Functions and Methods,2,course/clean-code-csharp/05-clean-code-practices/functions-methods.json
1210,course,Microsoft Azure for Developers,55,Storage and Data Services,5,"Blob Containers, Objects, and Metadata",3,course/azure/05-storage-and-data-services/blob-containers-objects-and-metadata.json
1211,course,Clean Code & Architecture in C#,55,Clean Code Practices,5,Error Handling,3,course/clean-code-csharp/05-clean-code-practices/error-handling.json
1212,course,Microsoft Azure for Developers,55,Storage and Data Services,5,Blob Storage Access Tiers and Lifecycle,4,course/azure/05-storage-and-data-services/blob-storage-access-tiers-and-lifecycle.json
1213,course,Clean Code & Architecture in C#,55,Clean Code Practices,5,Code Organization,4,course/clean-code-csharp/05-clean-code-practices/code-organization.json
1214,course,Microsoft Azure for Developers,55,Storage and Data Services,5,Blob SAS and User Delegation SAS,5,course/azure/05-storage-and-data-services/blob-sas-and-user-delegation-sas.json
1215,course,Microsoft Azure for Developers,55,Storage and Data Services,5,Blob Storage from Applications,6,course/azure/05-storage-and-data-services/blob-storage-from-applications.json
1216,course,Microsoft Azure for Developers,55,Storage and Data Services,5,Azure Files,7,course/azure/05-storage-and-data-services/azure-files.json
1217,course,Microsoft Azure for Developers,55,Storage and Data Services,5,Storage Queues,8,course/azure/05-storage-and-data-services/storage-queues.json
1218,course,Microsoft Azure for Developers,55,Storage and Data Services,5,Table Storage,9,course/azure/05-storage-and-data-services/table-storage.json
1219,course,Microsoft Azure for Developers,55,Storage and Data Services,5,Managed Disks and Application Storage,10,course/azure/05-storage-and-data-services/managed-disks-and-application-storage.json
1220,course,Microsoft Azure for Developers,55,Storage and Data Services,5,Storage Security and Encryption,11,course/azure/05-storage-and-data-services/storage-security-and-encryption.json
1221,course,Microsoft Azure for Developers,55,Storage and Data Services,5,Storage Redundancy and Replication,12,course/azure/05-storage-and-data-services/storage-redundancy-and-replication.json
1222,course,Microsoft Azure for Developers,55,Storage and Data Services,5,Storage Private Endpoints,13,course/azure/05-storage-and-data-services/storage-private-endpoints.json
1223,course,Microsoft Azure for Developers,55,Databases and Caching,6,Azure SQL Database Overview,1,course/azure/06-databases-and-caching/azure-sql-database-overview.json
1224,course,Clean Code & Architecture in C#,55,Architecture Patterns,6,Repository Pattern,1,course/clean-code-csharp/06-architecture-patterns/repository-pattern.json
1225,course,Microsoft Azure for Developers,55,Databases and Caching,6,Azure SQL Database Connectivity,2,course/azure/06-databases-and-caching/azure-sql-database-connectivity.json
1226,course,Clean Code & Architecture in C#,55,Architecture Patterns,6,Clean Architecture,2,course/clean-code-csharp/06-architecture-patterns/clean-architecture.json
1227,course,Microsoft Azure for Developers,55,Databases and Caching,6,Azure SQL Authentication and Authorization,3,course/azure/06-databases-and-caching/azure-sql-authentication-and-authorization.json
1228,course,Clean Code & Architecture in C#,55,Architecture Patterns,6,CQRS Pattern,3,course/clean-code-csharp/06-architecture-patterns/cqrs-pattern.json
1229,course,Microsoft Azure for Developers,55,Databases and Caching,6,Managed Identity with Azure SQL,4,course/azure/06-databases-and-caching/managed-identity-with-azure-sql.json
1230,course,Clean Code & Architecture in C#,55,Architecture Patterns,6,Dependency Injection,4,course/clean-code-csharp/06-architecture-patterns/dependency-injection.json
1231,course,Microsoft Azure for Developers,55,Databases and Caching,6,Azure SQL Query Performance and Scaling,5,course/azure/06-databases-and-caching/azure-sql-query-performance-and-scaling.json
1232,course,Microsoft Azure for Developers,55,Databases and Caching,6,"Azure SQL Backup, High Availability, and Resilience",6,course/azure/06-databases-and-caching/azure-sql-backup-high-availability-and-resilience.json
1233,course,Microsoft Azure for Developers,55,Databases and Caching,6,Cosmos DB Overview,7,course/azure/06-databases-and-caching/cosmos-db-overview.json
1234,course,Microsoft Azure for Developers,55,Databases and Caching,6,Cosmos DB Data Modeling,8,course/azure/06-databases-and-caching/cosmos-db-data-modeling.json
1235,course,Microsoft Azure for Developers,55,Databases and Caching,6,Cosmos DB Partition Keys,9,course/azure/06-databases-and-caching/cosmos-db-partition-keys.json
1236,course,Microsoft Azure for Developers,55,Databases and Caching,6,Cosmos DB Request Units and Performance,10,course/azure/06-databases-and-caching/cosmos-db-request-units-and-performance.json
1237,course,Microsoft Azure for Developers,55,Databases and Caching,6,Cosmos DB Consistency and Distribution,11,course/azure/06-databases-and-caching/cosmos-db-consistency-and-distribution.json
1238,course,Microsoft Azure for Developers,55,Databases and Caching,6,Cosmos DB SDK and Developer Patterns,12,course/azure/06-databases-and-caching/cosmos-db-sdk-and-developer-patterns.json
1239,course,Microsoft Azure for Developers,55,Databases and Caching,6,Azure SQL vs Cosmos DB,13,course/azure/06-databases-and-caching/azure-sql-vs-cosmos-db.json
1240,course,Microsoft Azure for Developers,55,Databases and Caching,6,Azure Cache for Redis Overview,14,course/azure/06-databases-and-caching/azure-cache-for-redis-overview.json
1241,course,Microsoft Azure for Developers,55,Databases and Caching,6,Redis Caching Patterns,15,course/azure/06-databases-and-caching/redis-caching-patterns.json
1242,course,Microsoft Azure for Developers,55,Databases and Caching,6,Database Migration and Data Movement,16,course/azure/06-databases-and-caching/database-migration-and-data-movement.json
1243,course,Microsoft Azure for Developers,55,"Identity, Security, and Configuration",7,Microsoft Entra ID Overview,1,course/azure/07-identity-security-and-configuration/microsoft-entra-id-overview.json
1244,course,Clean Code & Architecture in C#,55,Senior Engineering Judgment & Architecture Decisions,7,Clarifying ambiguous requirements,1,course/clean-code-csharp/senior-engineering-judgment-architecture-decisions/clarifying-ambiguous-requirements.json
1245,course,Microsoft Azure for Developers,55,"Identity, Security, and Configuration",7,Application Authentication and OAuth,2,course/azure/07-identity-security-and-configuration/application-authentication-and-oauth.json
1246,course,Clean Code & Architecture in C#,55,Senior Engineering Judgment & Architecture Decisions,7,Functional vs non-functional requirements,2,course/clean-code-csharp/senior-engineering-judgment-architecture-decisions/functional-vs-non-functional-requirements.json
1247,course,Microsoft Azure for Developers,55,"Identity, Security, and Configuration",7,App Registrations and Service Principals,3,course/azure/07-identity-security-and-configuration/app-registrations-and-service-principals.json
1248,course,Clean Code & Architecture in C#,55,Senior Engineering Judgment & Architecture Decisions,7,Making technical trade-offs explicit,3,course/clean-code-csharp/senior-engineering-judgment-architecture-decisions/making-technical-trade-offs-explicit.json
1249,course,Microsoft Azure for Developers,55,"Identity, Security, and Configuration",7,RBAC Overview,4,course/azure/07-identity-security-and-configuration/rbac-overview.json
1250,course,Clean Code & Architecture in C#,55,Senior Engineering Judgment & Architecture Decisions,7,Build vs buy decisions,4,course/clean-code-csharp/senior-engineering-judgment-architecture-decisions/build-vs-buy-decisions.json
1251,course,Microsoft Azure for Developers,55,"Identity, Security, and Configuration",7,Azure RBAC Scopes and Roles,5,course/azure/07-identity-security-and-configuration/azure-rbac-scopes-and-roles.json
1252,course,Clean Code & Architecture in C#,55,Senior Engineering Judgment & Architecture Decisions,7,When not to use microservices,5,course/clean-code-csharp/senior-engineering-judgment-architecture-decisions/when-not-to-use-microservices.json
1253,course,Microsoft Azure for Developers,55,"Identity, Security, and Configuration",7,Managed Identities,6,course/azure/07-identity-security-and-configuration/managed-identities.json
1254,course,Clean Code & Architecture in C#,55,Senior Engineering Judgment & Architecture Decisions,7,When not to use caching,6,course/clean-code-csharp/senior-engineering-judgment-architecture-decisions/when-not-to-use-caching.json
1255,course,Microsoft Azure for Developers,55,"Identity, Security, and Configuration",7,Managed Identity vs Service Principals,7,course/azure/07-identity-security-and-configuration/managed-identity-vs-service-principals.json
1256,course,Clean Code & Architecture in C#,55,Senior Engineering Judgment & Architecture Decisions,7,When not to use Kubernetes,7,course/clean-code-csharp/senior-engineering-judgment-architecture-decisions/when-not-to-use-kubernetes.json
1257,course,Microsoft Azure for Developers,55,"Identity, Security, and Configuration",7,Managed Identity with Key Vault,8,course/azure/07-identity-security-and-configuration/managed-identity-with-key-vault.json
1258,course,Clean Code & Architecture in C#,55,Senior Engineering Judgment & Architecture Decisions,7,Managing technical debt,8,course/clean-code-csharp/senior-engineering-judgment-architecture-decisions/managing-technical-debt.json
1259,course,Microsoft Azure for Developers,55,"Identity, Security, and Configuration",7,Managed Identity with Storage,9,course/azure/07-identity-security-and-configuration/managed-identity-with-storage.json
1260,course,Clean Code & Architecture in C#,55,Senior Engineering Judgment & Architecture Decisions,7,Legacy modernization strategies,9,course/clean-code-csharp/senior-engineering-judgment-architecture-decisions/legacy-modernization-strategies.json
1261,course,Microsoft Azure for Developers,55,"Identity, Security, and Configuration",7,Managed Identity with Azure SQL,10,course/azure/07-identity-security-and-configuration/managed-identity-with-azure-sql.json
1262,course,Clean Code & Architecture in C#,55,Senior Engineering Judgment & Architecture Decisions,7,Incremental migration vs rewrite,10,course/clean-code-csharp/senior-engineering-judgment-architecture-decisions/incremental-migration-vs-rewrite.json
1263,course,Microsoft Azure for Developers,55,"Identity, Security, and Configuration",7,Azure Key Vault Overview,11,course/azure/07-identity-security-and-configuration/azure-key-vault-overview.json
1264,course,Clean Code & Architecture in C#,55,Senior Engineering Judgment & Architecture Decisions,7,Architecture Decision Records,11,course/clean-code-csharp/senior-engineering-judgment-architecture-decisions/architecture-decision-records.json
1265,course,Microsoft Azure for Developers,55,"Identity, Security, and Configuration",7,"Key Vault Secrets, Keys, and Certificates",12,course/azure/07-identity-security-and-configuration/key-vault-secrets-keys-and-certificates.json
1266,course,Clean Code & Architecture in C#,55,Senior Engineering Judgment & Architecture Decisions,7,REST vs GraphQL decision framework,12,course/clean-code-csharp/senior-engineering-judgment-architecture-decisions/rest-vs-graphql-decision-framework.json
1267,course,Microsoft Azure for Developers,55,"Identity, Security, and Configuration",7,Azure App Configuration Overview,13,course/azure/07-identity-security-and-configuration/azure-app-configuration-overview.json
1268,course,Clean Code & Architecture in C#,55,Senior Engineering Judgment & Architecture Decisions,7,REST vs gRPC decision framework,13,course/clean-code-csharp/senior-engineering-judgment-architecture-decisions/rest-vs-grpc-decision-framework.json
1269,course,Microsoft Azure for Developers,55,"Identity, Security, and Configuration",7,App Configuration Feature Flags and Labels,14,course/azure/07-identity-security-and-configuration/app-configuration-feature-flags-and-labels.json
1270,course,Clean Code & Architecture in C#,55,Senior Engineering Judgment & Architecture Decisions,7,SQL vs NoSQL decision framework,14,course/clean-code-csharp/senior-engineering-judgment-architecture-decisions/sql-vs-nosql-decision-framework.json
1271,course,Microsoft Azure for Developers,55,"Identity, Security, and Configuration",7,Key Vault vs App Configuration,15,course/azure/07-identity-security-and-configuration/key-vault-vs-app-configuration.json
1272,course,Clean Code & Architecture in C#,55,Senior Engineering Judgment & Architecture Decisions,7,EF Core vs Dapper vs raw SQL,15,course/clean-code-csharp/senior-engineering-judgment-architecture-decisions/ef-core-vs-dapper-vs-raw-sql.json
1273,course,Microsoft Azure for Developers,55,"Identity, Security, and Configuration",7,Application Secrets and Configuration Patterns,16,course/azure/07-identity-security-and-configuration/application-secrets-and-configuration-patterns.json
1274,course,Clean Code & Architecture in C#,55,Senior Engineering Judgment & Architecture Decisions,7,Synchronous vs asynchronous workflows,16,course/clean-code-csharp/senior-engineering-judgment-architecture-decisions/synchronous-vs-asynchronous-workflows.json
1275,course,Clean Code & Architecture in C#,55,Senior Engineering Judgment & Architecture Decisions,7,Monolith vs modular monolith vs microservices,17,course/clean-code-csharp/senior-engineering-judgment-architecture-decisions/monolith-vs-modular-monolith-vs-microservices.json
1276,course,Clean Code & Architecture in C#,55,Senior Engineering Judgment & Architecture Decisions,7,Cost as an architecture constraint,18,course/clean-code-csharp/senior-engineering-judgment-architecture-decisions/cost-as-an-architecture-constraint.json
1277,course,Microsoft Azure for Developers,55,Networking and API Platforms,8,Virtual Networks and Subnets,1,course/azure/08-networking-and-api-platforms/virtual-networks-and-subnets.json
1278,course,Microsoft Azure for Developers,55,Networking and API Platforms,8,Private IP and Public IP Addressing,2,course/azure/08-networking-and-api-platforms/private-ip-and-public-ip-addressing.json
1279,course,Microsoft Azure for Developers,55,Networking and API Platforms,8,Network Security Groups,3,course/azure/08-networking-and-api-platforms/network-security-groups.json
1280,course,Microsoft Azure for Developers,55,Networking and API Platforms,8,Private Endpoints and Private Link,4,course/azure/08-networking-and-api-platforms/private-endpoints-and-private-link.json
1281,course,Microsoft Azure for Developers,55,Networking and API Platforms,8,Private DNS and Private Endpoint Connectivity,5,course/azure/08-networking-and-api-platforms/private-dns-and-private-endpoint-connectivity.json
1282,course,Microsoft Azure for Developers,55,Networking and API Platforms,8,Public Endpoints vs Private Endpoints,6,course/azure/08-networking-and-api-platforms/public-endpoints-vs-private-endpoints.json
1283,course,Microsoft Azure for Developers,55,Networking and API Platforms,8,Load Balancer Overview,7,course/azure/08-networking-and-api-platforms/load-balancer-overview.json
1284,course,Microsoft Azure for Developers,55,Networking and API Platforms,8,Application Gateway Overview,8,course/azure/08-networking-and-api-platforms/application-gateway-overview.json
1285,course,Microsoft Azure for Developers,55,Networking and API Platforms,8,Application Gateway WAF and Routing,9,course/azure/08-networking-and-api-platforms/application-gateway-waf-and-routing.json
1286,course,Microsoft Azure for Developers,55,Networking and API Platforms,8,Azure Front Door Overview,10,course/azure/08-networking-and-api-platforms/azure-front-door-overview.json
1287,course,Microsoft Azure for Developers,55,Networking and API Platforms,8,Front Door vs Application Gateway vs Load Balancer,11,course/azure/08-networking-and-api-platforms/front-door-vs-application-gateway-vs-load-balancer.json
1288,course,Microsoft Azure for Developers,55,Networking and API Platforms,8,API Management Overview,12,course/azure/08-networking-and-api-platforms/api-management-overview.json
1289,course,Microsoft Azure for Developers,55,Networking and API Platforms,8,"API Management APIs, Products, and Subscriptions",13,course/azure/08-networking-and-api-platforms/api-management-apis-products-and-subscriptions.json
1290,course,Microsoft Azure for Developers,55,Networking and API Platforms,8,API Management Policies,14,course/azure/08-networking-and-api-platforms/api-management-policies.json
1291,course,Microsoft Azure for Developers,55,Networking and API Platforms,8,API Management Authentication and Security,15,course/azure/08-networking-and-api-platforms/api-management-authentication-and-security.json
1292,course,Microsoft Azure for Developers,55,Networking and API Platforms,8,API Management Versioning and Revisions,16,course/azure/08-networking-and-api-platforms/api-management-versioning-and-revisions.json
1293,course,Microsoft Azure for Developers,55,Networking and API Platforms,8,VPN and Hybrid Connectivity for Developers,17,course/azure/08-networking-and-api-platforms/vpn-and-hybrid-connectivity-for-developers.json
1294,course,Microsoft Azure for Developers,55,Messaging and Event-Driven Architecture,9,Introduction to Messaging and Event-Driven Architecture,1,course/azure/09-messaging-and-event-driven-architecture/messaging-and-event-driven-architecture.json
1295,course,Microsoft Azure for Developers,55,Messaging and Event-Driven Architecture,9,Azure Service Bus Overview,2,course/azure/09-messaging-and-event-driven-architecture/azure-service-bus-overview.json
1296,course,Microsoft Azure for Developers,55,Messaging and Event-Driven Architecture,9,Working with Service Bus Queues,3,course/azure/09-messaging-and-event-driven-architecture/service-bus-queues.json
1297,course,Microsoft Azure for Developers,55,Messaging and Event-Driven Architecture,9,Service Bus Topics and Subscriptions,4,course/azure/09-messaging-and-event-driven-architecture/service-bus-topics-and-subscriptions.json
1298,course,Microsoft Azure for Developers,55,Messaging and Event-Driven Architecture,9,Dead-Lettering and Retries in Service Bus,5,course/azure/09-messaging-and-event-driven-architecture/service-bus-dead-lettering-and-retries.json
1299,course,Microsoft Azure for Developers,55,Messaging and Event-Driven Architecture,9,Service Bus Sessions and Ordered Message Processing,6,course/azure/09-messaging-and-event-driven-architecture/service-bus-sessions-and-message-processing.json
1300,course,Microsoft Azure for Developers,55,Messaging and Event-Driven Architecture,9,Using Service Bus with Azure Functions,7,course/azure/09-messaging-and-event-driven-architecture/service-bus-from-azure-functions.json
1301,course,Microsoft Azure for Developers,55,Messaging and Event-Driven Architecture,9,Azure Event Grid Overview,8,course/azure/09-messaging-and-event-driven-architecture/azure-event-grid-overview.json
1302,course,Microsoft Azure for Developers,55,Messaging and Event-Driven Architecture,9,"Event Grid Topics, Events, and Subscriptions",9,course/azure/09-messaging-and-event-driven-architecture/event-grid-topics-events-and-event-subscriptions.json
1303,course,Microsoft Azure for Developers,55,Messaging and Event-Driven Architecture,9,Handling Event Grid Events with Azure Functions,10,course/azure/09-messaging-and-event-driven-architecture/event-grid-with-azure-functions.json
1304,course,Microsoft Azure for Developers,55,Messaging and Event-Driven Architecture,9,Azure Event Hubs Overview,11,course/azure/09-messaging-and-event-driven-architecture/azure-event-hubs-overview.json
1305,course,Microsoft Azure for Developers,55,Messaging and Event-Driven Architecture,9,Event Hubs Partitions and Consumer Groups,12,course/azure/09-messaging-and-event-driven-architecture/event-hubs-partitions-and-consumer-groups.json
1306,course,Microsoft Azure for Developers,55,Messaging and Event-Driven Architecture,9,Event Hubs Stream Processing,13,course/azure/09-messaging-and-event-driven-architecture/event-hubs-stream-processing.json
1307,course,Microsoft Azure for Developers,55,Messaging and Event-Driven Architecture,9,Service Bus vs. Event Grid vs. Event Hubs,14,course/azure/09-messaging-and-event-driven-architecture/service-bus-vs-event-grid-vs-event-hubs.json
1308,course,Microsoft Azure for Developers,55,Messaging and Event-Driven Architecture,9,"Messaging Reliability, Idempotency, and Retries",15,course/azure/09-messaging-and-event-driven-architecture/messaging-reliability-idempotency-and-retries.json
1309,course,Microsoft Azure for Developers,55,Messaging and Event-Driven Architecture,9,Event-Driven Application Patterns,16,course/azure/09-messaging-and-event-driven-architecture/event-driven-application-patterns.json
1310,course,Microsoft Azure for Developers,55,Observability and Application Monitoring,10,"Introduction to Observability: Logs, Metrics, and Traces",1,course/azure/10-observability-and-application-monitoring/observability-logging-metrics-and-tracing.json
1311,course,Microsoft Azure for Developers,55,Observability and Application Monitoring,10,Azure Monitor Overview,2,course/azure/10-observability-and-application-monitoring/azure-monitor-overview.json
1312,course,Microsoft Azure for Developers,55,Observability and Application Monitoring,10,Application Insights Overview,3,course/azure/10-observability-and-application-monitoring/application-insights-overview.json
1313,course,Microsoft Azure for Developers,55,Observability and Application Monitoring,10,Instrumenting Applications with Application Insights,4,course/azure/10-observability-and-application-monitoring/application-insights-instrumentation.json
1314,course,Microsoft Azure for Developers,55,Observability and Application Monitoring,10,"Application Insights Requests, Dependencies, and Failures",5,course/azure/10-observability-and-application-monitoring/application-insights-requests-dependencies-and-failures.json
1315,course,Microsoft Azure for Developers,55,Observability and Application Monitoring,10,Distributed Tracing and OpenTelemetry,6,course/azure/10-observability-and-application-monitoring/distributed-tracing-and-open-telemetry.json
1316,course,Microsoft Azure for Developers,55,Observability and Application Monitoring,10,Log Analytics Workspaces,7,course/azure/10-observability-and-application-monitoring/log-analytics-workspaces.json
1317,course,Microsoft Azure for Developers,55,Observability and Application Monitoring,10,Kusto Query Language (KQL) for Developers,8,course/azure/10-observability-and-application-monitoring/kusto-query-language-for-developers.json
1318,course,Microsoft Azure for Developers,55,Observability and Application Monitoring,10,Azure Monitor Logs and Advanced KQL,9,course/azure/10-observability-and-application-monitoring/azure-monitor-logs-and-kql.json
1319,course,Microsoft Azure for Developers,55,Observability and Application Monitoring,10,Metrics Alerts and Action Groups,10,course/azure/10-observability-and-application-monitoring/metrics-alerts-and-action-groups.json
1320,course,Microsoft Azure for Developers,55,Observability and Application Monitoring,10,Application Insights vs. Azure Monitor vs. Log Analytics,11,course/azure/10-observability-and-application-monitoring/application-insights-vs-azure-monitor-vs-log-analytics.json
1321,course,Microsoft Azure for Developers,55,Observability and Application Monitoring,10,Monitoring Azure Functions and App Service,12,course/azure/10-observability-and-application-monitoring/monitoring-functions-and-app-service.json
1322,course,Microsoft Azure for Developers,55,Observability and Application Monitoring,10,Monitoring Containers and Azure Kubernetes Service,13,course/azure/10-observability-and-application-monitoring/monitoring-containers-and-aks.json
1323,course,Microsoft Azure for Developers,55,Observability and Application Monitoring,10,Application Health Diagnostics,14,course/azure/10-observability-and-application-monitoring/application-health-diagnostics.json
1324,course,Microsoft Azure for Developers,55,Application Deployment and DevOps,11,Application Deployment Strategies,1,course/azure/11-application-deployment-and-devops/application-deployment-strategies.json
1325,course,Microsoft Azure for Developers,55,Application Deployment and DevOps,11,Deployment Slots and Slot Swapping,2,course/azure/11-application-deployment-and-devops/deployment-slots-and-slot-swapping.json
1326,course,Microsoft Azure for Developers,55,Application Deployment and DevOps,11,"Blue/Green, Canary, and Rolling Deployments",3,course/azure/11-application-deployment-and-devops/blue-green-canary-and-rolling-deployments.json
1327,course,Microsoft Azure for Developers,55,Application Deployment and DevOps,11,Azure DevOps Overview,4,course/azure/11-application-deployment-and-devops/azure-devops-overview.json
1328,course,Microsoft Azure for Developers,55,Application Deployment and DevOps,11,Azure Repos and Azure Pipelines,5,course/azure/11-application-deployment-and-devops/azure-repos-and-azure-pipelines.json
1329,course,Microsoft Azure for Developers,55,Application Deployment and DevOps,11,Azure Pipelines CI/CD,6,course/azure/11-application-deployment-and-devops/azure-pipelines-ci-cd.json
1330,course,Microsoft Azure for Developers,55,Application Deployment and DevOps,11,GitHub Actions for Azure,7,course/azure/11-application-deployment-and-devops/github-actions-for-azure.json
1331,course,Microsoft Azure for Developers,55,Application Deployment and DevOps,11,GitHub Actions - Azure Authentication,8,course/azure/11-application-deployment-and-devops/github-actions-azure-authentication.json
1332,course,Microsoft Azure for Developers,55,Application Deployment and DevOps,11,CI/CD for App Service,9,course/azure/11-application-deployment-and-devops/ci-cd-for-app-service.json
1333,course,Microsoft Azure for Developers,55,Application Deployment and DevOps,11,CI/CD for Azure Functions,10,course/azure/11-application-deployment-and-devops/ci-cd-for-functions.json
1334,course,Microsoft Azure for Developers,55,Application Deployment and DevOps,11,CI/CD for Containers and ACR,11,course/azure/11-application-deployment-and-devops/ci-cd-for-containers-and-acr.json
1335,course,Microsoft Azure for Developers,55,Application Deployment and DevOps,11,Deployment Secrets and Environment Configuration,12,course/azure/11-application-deployment-and-devops/deployment-secrets-and-environment-configuration.json
1336,course,Microsoft Azure for Developers,55,Application Deployment and DevOps,11,Release Validation and Rollback,13,course/azure/11-application-deployment-and-devops/release-validation-and-rollback.json
1337,course,Microsoft Azure for Developers,55,Infrastructure as Code and Automation,12,Infrastructure as Code Concepts,1,course/azure/12-infrastructure-as-code-and-automation/infrastructure-as-code-concepts.json
1338,course,Microsoft Azure for Developers,55,Infrastructure as Code and Automation,12,Bicep Overview,2,course/azure/12-infrastructure-as-code-and-automation/bicep-overview.json
1339,course,Microsoft Azure for Developers,55,Infrastructure as Code and Automation,12,Bicep Resources and Properties,3,course/azure/12-infrastructure-as-code-and-automation/bicep-resources-and-properties.json
1340,course,Microsoft Azure for Developers,55,Infrastructure as Code and Automation,12,"Bicep Parameters, Variables, and Outputs",4,course/azure/12-infrastructure-as-code-and-automation/bicep-parameters-variables-and-outputs.json
1341,course,Microsoft Azure for Developers,55,Infrastructure as Code and Automation,12,Bicep Modules and Reusable Infrastructure,5,course/azure/12-infrastructure-as-code-and-automation/bicep-modules-and-reusable-infrastructure.json
1342,course,Microsoft Azure for Developers,55,Infrastructure as Code and Automation,12,Bicep Dependencies and Resource References,6,course/azure/12-infrastructure-as-code-and-automation/bicep-dependencies-and-resource-references.json
1343,course,Microsoft Azure for Developers,55,Infrastructure as Code and Automation,12,Bicep Deployment and Validation,7,course/azure/12-infrastructure-as-code-and-automation/bicep-deployment-and-validation.json
1344,course,Microsoft Azure for Developers,55,Infrastructure as Code and Automation,12,Bicep with Managed Identities and RBAC,8,course/azure/12-infrastructure-as-code-and-automation/bicep-with-managed-identities-and-rbac.json
1345,course,Microsoft Azure for Developers,55,Infrastructure as Code and Automation,12,"Bicep with App Service, Functions, and Storage",9,course/azure/12-infrastructure-as-code-and-automation/bicep-with-app-service-functions-and-storage.json
1346,course,Microsoft Azure for Developers,55,Infrastructure as Code and Automation,12,Bicep with Networking and Private Endpoints,10,course/azure/12-infrastructure-as-code-and-automation/bicep-with-networking-and-private-endpoints.json
1347,course,Microsoft Azure for Developers,55,Infrastructure as Code and Automation,12,Bicep with Databases and Messaging,11,course/azure/12-infrastructure-as-code-and-automation/bicep-with-databases-and-messaging.json
1348,course,Microsoft Azure for Developers,55,Infrastructure as Code and Automation,12,Infrastructure Automation with CI/CD,12,course/azure/12-infrastructure-as-code-and-automation/infrastructure-automation-with-ci-cd.json
1349,course,Microsoft Azure for Developers,55,AI Services for Azure Developers,13,Azure AI Services Overview,1,course/azure/13-ai-services-for-azure-developers/azure-ai-services-overview.json
1350,course,Microsoft Azure for Developers,55,AI Services for Azure Developers,13,Azure AI Foundry and Model-Based Development,2,course/azure/13-ai-services-for-azure-developers/azure-ai-foundry-and-model-based-development.json
1351,course,Microsoft Azure for Developers,55,AI Services for Azure Developers,13,Azure OpenAI Service Overview,3,course/azure/13-ai-services-for-azure-developers/azure-openai-service-overview.json
1352,course,Microsoft Azure for Developers,55,AI Services for Azure Developers,13,Azure OpenAI Chat and Completions,4,course/azure/13-ai-services-for-azure-developers/azure-openai-chat-and-completions.json
1353,course,Microsoft Azure for Developers,55,AI Services for Azure Developers,13,Azure OpenAI Embeddings and Grounding,5,course/azure/13-ai-services-for-azure-developers/azure-openai-embeddings-and-grounding.json
1354,course,Microsoft Azure for Developers,55,AI Services for Azure Developers,13,Azure AI Search Overview,6,course/azure/13-ai-services-for-azure-developers/azure-ai-search-overview.json
1355,course,Microsoft Azure for Developers,55,AI Services for Azure Developers,13,AI Search Indexes and Vector Search,7,course/azure/13-ai-services-for-azure-developers/ai-search-indexes-and-vector-search.json
1356,course,Microsoft Azure for Developers,55,AI Services for Azure Developers,13,"Azure AI Services: Vision, Language, and Speech",8,course/azure/13-ai-services-for-azure-developers/azure-ai-services-vision-language-and-speech.json
1357,course,Microsoft Azure for Developers,55,AI Services for Azure Developers,13,Securing AI Services with Managed Identity,9,course/azure/13-ai-services-for-azure-developers/securing-ai-services-with-managed-identity.json
1358,course,Microsoft Azure for Developers,55,AI Services for Azure Developers,13,Integrating AI Services into Azure Applications,10,course/azure/13-ai-services-for-azure-developers/integrating-ai-services-into-azure-applications.json
1359,course,Microsoft Azure for Developers,55,"Production Architecture, Reliability & Cost",14,"SLI, SLO and SLA in Azure workloads",1,course/azure/production-architecture-reliability-cost/sli-slo-and-sla-in-azure-workloads.json
1360,course,Microsoft Azure for Developers,55,"Production Architecture, Reliability & Cost",14,"Azure monitoring strategy: logs, metrics and traces",2,course/azure/production-architecture-reliability-cost/azure-monitoring-strategy-logs-metrics-and-traces.json
1361,course,Microsoft Azure for Developers,55,"Production Architecture, Reliability & Cost",14,Application Insights distributed tracing,3,course/azure/production-architecture-reliability-cost/application-insights-distributed-tracing.json
1362,course,Microsoft Azure for Developers,55,"Production Architecture, Reliability & Cost",14,Managed identity architecture,4,course/azure/production-architecture-reliability-cost/managed-identity-architecture.json
1363,course,Microsoft Azure for Developers,55,"Production Architecture, Reliability & Cost",14,Private endpoints and network isolation,5,course/azure/production-architecture-reliability-cost/private-endpoints-and-network-isolation.json
1364,course,Microsoft Azure for Developers,55,"Production Architecture, Reliability & Cost",14,High availability and zone-aware architecture,6,course/azure/production-architecture-reliability-cost/high-availability-and-zone-aware-architecture.json
1365,course,Microsoft Azure for Developers,55,"Production Architecture, Reliability & Cost",14,Azure workload scaling strategies,7,course/azure/production-architecture-reliability-cost/azure-workload-scaling-strategies.json
1366,course,Microsoft Azure for Developers,55,"Production Architecture, Reliability & Cost",14,RTO and RPO for Azure applications,8,course/azure/production-architecture-reliability-cost/rto-and-rpo-for-azure-applications.json
1367,course,Microsoft Azure for Developers,55,"Production Architecture, Reliability & Cost",14,Disaster recovery planning,9,course/azure/production-architecture-reliability-cost/disaster-recovery-planning.json
1368,course,Microsoft Azure for Developers,55,"Production Architecture, Reliability & Cost",14,Azure architecture cost trade-offs,10,course/azure/production-architecture-reliability-cost/azure-architecture-cost-trade-offs.json
1369,course,Amazon Web Services (AWS) Fundamentals,56,AWS Fundamentals & Cloud Concepts,1,What Is Cloud Computing?,1,course/aws/01-aws-fundamentals-cloud-concepts/what-is-cloud-computing.json
1370,course,Amazon Web Services (AWS) Fundamentals,56,AWS Fundamentals & Cloud Concepts,1,AWS Global Infrastructure,2,course/aws/01-aws-fundamentals-cloud-concepts/aws-global-infrastructure.json
1371,course,Amazon Web Services (AWS) Fundamentals,56,AWS Fundamentals & Cloud Concepts,1,AWS Management Tools,3,course/aws/01-aws-fundamentals-cloud-concepts/aws-management-tools.json
1372,course,Amazon Web Services (AWS) Fundamentals,56,AWS Fundamentals & Cloud Concepts,1,AWS Well-Architected Framework,4,course/aws/01-aws-fundamentals-cloud-concepts/aws-well-architected-framework.json
1373,course,Amazon Web Services (AWS) Fundamentals,56,"Identity, Access & Governance",2,IAM Fundamentals,1,course/aws/02-identity-access-governance/iam-fundamentals.json
1374,course,Amazon Web Services (AWS) Fundamentals,56,"Identity, Access & Governance",2,IAM Policies and Permissions,2,course/aws/02-identity-access-governance/iam-policies-permissions.json
1375,course,Amazon Web Services (AWS) Fundamentals,56,"Identity, Access & Governance",2,AWS Organizations,3,course/aws/02-identity-access-governance/aws-organizations.json
1376,course,Amazon Web Services (AWS) Fundamentals,56,"Identity, Access & Governance",2,Governance and Cost Management,4,course/aws/02-identity-access-governance/governance-cost-management.json
1377,course,Amazon Web Services (AWS) Fundamentals,56,Compute Services,3,EC2 Fundamentals,1,course/aws/03-compute-services/ec2-fundamentals.json
1378,course,Amazon Web Services (AWS) Fundamentals,56,Compute Services,3,EC2 Instances and Storage,2,course/aws/03-compute-services/ec2-instances-storage.json
1379,course,Amazon Web Services (AWS) Fundamentals,56,Compute Services,3,EC2 Auto Scaling,3,course/aws/03-compute-services/ec2-auto-scaling.json
1380,course,Amazon Web Services (AWS) Fundamentals,56,Compute Services,3,Other Compute Services,4,course/aws/03-compute-services/other-compute-services.json
1381,course,Amazon Web Services (AWS) Fundamentals,56,AWS Networking,4,Amazon VPC,1,course/aws/04-networking/amazon-vpc.json
1382,course,Amazon Web Services (AWS) Fundamentals,56,AWS Networking,4,VPC Connectivity,2,course/aws/04-networking/vpc-connectivity.json
1383,course,Amazon Web Services (AWS) Fundamentals,56,AWS Networking,4,Route 53 DNS,3,course/aws/04-networking/route53-dns.json
1384,course,Amazon Web Services (AWS) Fundamentals,56,AWS Networking,4,CloudFront CDN,4,course/aws/04-networking/cloudfront-cdn.json
1385,course,Amazon Web Services (AWS) Fundamentals,56,Storage Services,5,Amazon S3 Basics,1,course/aws/05-storage-services/amazon-s3-basics.json
1386,course,Amazon Web Services (AWS) Fundamentals,56,Storage Services,5,S3 Advanced Features,2,course/aws/05-storage-services/s3-advanced-features.json
1387,course,Amazon Web Services (AWS) Fundamentals,56,Storage Services,5,Block and File Storage,3,course/aws/05-storage-services/block-file-storage.json
1388,course,Amazon Web Services (AWS) Fundamentals,56,Storage Services,5,Backup and Archiving,4,course/aws/05-storage-services/backup-archiving.json
1389,course,Amazon Web Services (AWS) Fundamentals,56,Databases on AWS,6,Amazon RDS Fundamentals,1,course/aws/06-databases/amazon-rds.json
1390,course,Amazon Web Services (AWS) Fundamentals,56,Databases on AWS,6,Amazon Aurora,2,course/aws/06-databases/amazon-aurora.json
1391,course,Amazon Web Services (AWS) Fundamentals,56,Databases on AWS,6,DynamoDB NoSQL Database,3,course/aws/06-databases/dynamodb-nosql.json
1392,course,Amazon Web Services (AWS) Fundamentals,56,Databases on AWS,6,Other AWS Database Services,4,course/aws/06-databases/other-database-services.json
1393,course,Amazon Web Services (AWS) Fundamentals,56,Load Balancing & Application Integration,7,Elastic Load Balancing,1,course/aws/07-load-balancing-application-integration/elastic-load-balancing.json
1394,course,Amazon Web Services (AWS) Fundamentals,56,Load Balancing & Application Integration,7,Amazon SQS,2,course/aws/07-load-balancing-application-integration/amazon-sqs.json
1395,course,Amazon Web Services (AWS) Fundamentals,56,Load Balancing & Application Integration,7,Amazon SNS and EventBridge,3,course/aws/07-load-balancing-application-integration/amazon-sns-eventbridge.json
1396,course,Amazon Web Services (AWS) Fundamentals,56,Load Balancing & Application Integration,7,Amazon MQ,4,course/aws/07-load-balancing-application-integration/amazon-mq.json
1397,course,Amazon Web Services (AWS) Fundamentals,56,Serverless Computing,8,AWS Lambda,1,course/aws/08-serverless/aws-lambda.json
1398,course,Amazon Web Services (AWS) Fundamentals,56,Serverless Computing,8,API Gateway,2,course/aws/08-serverless/api-gateway.json
1399,course,Amazon Web Services (AWS) Fundamentals,56,Serverless Computing,8,AWS Step Functions,3,course/aws/08-serverless/step-functions.json
1400,course,Amazon Web Services (AWS) Fundamentals,56,Serverless Computing,8,Serverless Architecture Patterns,4,course/aws/08-serverless/serverless-architecture-patterns.json
1401,course,Amazon Web Services (AWS) Fundamentals,56,Containers & Kubernetes,9,Docker and Amazon ECR,1,course/aws/09-containers-kubernetes/docker-ecr.json
1402,course,Amazon Web Services (AWS) Fundamentals,56,Containers & Kubernetes,9,Amazon ECS,2,course/aws/09-containers-kubernetes/amazon-ecs.json
1403,course,Amazon Web Services (AWS) Fundamentals,56,Containers & Kubernetes,9,Amazon EKS,3,course/aws/09-containers-kubernetes/amazon-eks.json
1404,course,Amazon Web Services (AWS) Fundamentals,56,Containers & Kubernetes,9,AWS App Runner,4,course/aws/09-containers-kubernetes/app-runner.json
1405,course,Amazon Web Services (AWS) Fundamentals,56,DevOps & CI/CD,10,"AWS Code Tools: CodeCommit, CodeBuild, CodeDeploy, and CodePipeline",1,course/aws/10-devops-cicd/aws-code-tools.json
1406,course,Amazon Web Services (AWS) Fundamentals,56,DevOps & CI/CD,10,CloudFormation: Infrastructure as Code,2,course/aws/10-devops-cicd/cloudformation-iac.json
1407,course,Amazon Web Services (AWS) Fundamentals,56,DevOps & CI/CD,10,AWS CDK,3,course/aws/10-devops-cicd/aws-cdk.json
1408,course,Amazon Web Services (AWS) Fundamentals,56,DevOps & CI/CD,10,Modern DevOps Practices,4,course/aws/10-devops-cicd/modern-devops-practices.json
1409,course,Amazon Web Services (AWS) Fundamentals,56,"Monitoring, Logging & Observability",11,Amazon CloudWatch,1,course/aws/11-monitoring-logging-observability/amazon-cloudwatch.json
1410,course,Amazon Web Services (AWS) Fundamentals,56,"Monitoring, Logging & Observability",11,AWS CloudTrail,2,course/aws/11-monitoring-logging-observability/aws-cloudtrail.json
1411,course,Amazon Web Services (AWS) Fundamentals,56,"Monitoring, Logging & Observability",11,AWS X-Ray,3,course/aws/11-monitoring-logging-observability/aws-x-ray.json
1412,course,Amazon Web Services (AWS) Fundamentals,56,"Monitoring, Logging & Observability",11,Observability Architecture,4,course/aws/11-monitoring-logging-observability/observability-architecture.json
1413,course,Amazon Web Services (AWS) Fundamentals,56,Security Services,12,AWS KMS and Secrets Manager,1,course/aws/12-security-services/aws-kms-secrets-manager.json
1414,course,Amazon Web Services (AWS) Fundamentals,56,Security Services,12,AWS Systems Manager,2,course/aws/12-security-services/systems-manager.json
1415,course,Amazon Web Services (AWS) Fundamentals,56,Security Services,12,AWS WAF and Shield,3,course/aws/12-security-services/waf-shield.json
1416,course,Amazon Web Services (AWS) Fundamentals,56,Security Services,12,Threat Detection and Compliance,4,course/aws/12-security-services/threat-detection-compliance.json
1417,course,Amazon Web Services (AWS) Fundamentals,56,Analytics & Big Data,13,Amazon Redshift,1,course/aws/13-analytics-big-data/amazon-redshift.json
1418,course,Amazon Web Services (AWS) Fundamentals,56,Analytics & Big Data,13,AWS Glue and ETL,2,course/aws/13-analytics-big-data/aws-glue-etl.json
1419,course,Amazon Web Services (AWS) Fundamentals,56,Analytics & Big Data,13,Amazon Athena and EMR,3,course/aws/13-analytics-big-data/athena-emr.json
1420,course,Amazon Web Services (AWS) Fundamentals,56,Analytics & Big Data,13,OpenSearch and QuickSight,4,course/aws/13-analytics-big-data/opensearch-quicksight.json
1421,course,Amazon Web Services (AWS) Fundamentals,56,AI & Machine Learning,14,Amazon Bedrock,1,course/aws/14-ai-machine-learning/amazon-bedrock.json
1422,course,Amazon Web Services (AWS) Fundamentals,56,AI & Machine Learning,14,Amazon SageMaker,2,course/aws/14-ai-machine-learning/amazon-sagemaker.json
1423,course,Amazon Web Services (AWS) Fundamentals,56,AI & Machine Learning,14,AWS AI Services,3,course/aws/14-ai-machine-learning/aws-ai-services.json
1424,course,Amazon Web Services (AWS) Fundamentals,56,AI & Machine Learning,14,Generative AI Architecture,4,course/aws/14-ai-machine-learning/generative-ai-architecture.json
1425,course,Amazon Web Services (AWS) Fundamentals,56,Developer Tools & Application Services,15,AWS SDKs and AppConfig,1,course/aws/15-developer-tools-application-services/aws-sdk-appconfig.json
1426,course,Amazon Web Services (AWS) Fundamentals,56,Developer Tools & Application Services,15,Email and Communication with SES and Pinpoint,2,course/aws/15-developer-tools-application-services/email-communication.json
1427,course,Amazon Web Services (AWS) Fundamentals,56,Developer Tools & Application Services,15,API Integration with API Gateway and AppSync,3,course/aws/15-developer-tools-application-services/api-integration.json
1428,course,Amazon Web Services (AWS) Fundamentals,56,Developer Tools & Application Services,15,Web and Mobile with AWS Amplify,4,course/aws/15-developer-tools-application-services/web-mobile-amplify.json
1429,course,Amazon Web Services (AWS) Fundamentals,56,Identity for Applications,16,Amazon Cognito User Pools,1,course/aws/16-identity-for-applications/01-amazon-cognito-user-pools.json
1430,course,Amazon Web Services (AWS) Fundamentals,56,Identity for Applications,16,Cognito Identity Pools,2,course/aws/16-identity-for-applications/02-cognito-identity-pools.json
1431,course,Amazon Web Services (AWS) Fundamentals,56,Identity for Applications,16,Application Authentication,3,course/aws/16-identity-for-applications/03-application-authentication.json
1432,course,Amazon Web Services (AWS) Fundamentals,56,Identity for Applications,16,Application Authentication Architecture,4,course/aws/16-identity-for-applications/04-application-authentication-architecture.json
1433,course,Amazon Web Services (AWS) Fundamentals,56,Migration & Hybrid Cloud,17,AWS Migration Services,1,course/aws/17-migration-hybrid-cloud/01-migration-services.json
1434,course,Amazon Web Services (AWS) Fundamentals,56,Migration & Hybrid Cloud,17,The 6 Rs Migration Strategy,2,course/aws/17-migration-hybrid-cloud/02-6-rs-migration-strategy.json
1435,course,Amazon Web Services (AWS) Fundamentals,56,Migration & Hybrid Cloud,17,Hybrid Cloud Options,3,course/aws/17-migration-hybrid-cloud/03-hybrid-cloud-options.json
1436,course,Amazon Web Services (AWS) Fundamentals,56,Migration & Hybrid Cloud,17,DataSync and Snow Family,4,course/aws/17-migration-hybrid-cloud/04-datasync-snow-family.json
1437,course,Amazon Web Services (AWS) Fundamentals,56,Infrastructure Automation,18,Advanced CloudFormation,1,course/aws/18-infrastructure-automation/01-cloudformation-advanced.json
1438,course,Amazon Web Services (AWS) Fundamentals,56,Infrastructure Automation,18,AWS CDK Advanced,2,course/aws/18-infrastructure-automation/02-aws-cdk-advanced.json
1439,course,Amazon Web Services (AWS) Fundamentals,56,Infrastructure Automation,18,Terraform for AWS,3,course/aws/18-infrastructure-automation/03-terraform-aws.json
1440,course,Amazon Web Services (AWS) Fundamentals,56,Infrastructure Automation,18,IaC Best Practices,4,course/aws/18-infrastructure-automation/04-iac-best-practices.json
1441,course,Amazon Web Services (AWS) Fundamentals,56,High Availability & Disaster Recovery,19,High Availability Patterns,1,course/aws/19-high-availability-disaster-recovery/01-high-availability-patterns.json
1442,course,Amazon Web Services (AWS) Fundamentals,56,High Availability & Disaster Recovery,19,Disaster Recovery Strategies,2,course/aws/19-high-availability-disaster-recovery/02-disaster-recovery-strategies.json
1443,course,Amazon Web Services (AWS) Fundamentals,56,High Availability & Disaster Recovery,19,Multi-Region Architecture,3,course/aws/19-high-availability-disaster-recovery/03-multi-region-architecture.json
1444,course,Amazon Web Services (AWS) Fundamentals,56,High Availability & Disaster Recovery,19,RTO and RPO Planning,4,course/aws/19-high-availability-disaster-recovery/04-rto-rpo-planning.json
1445,course,Amazon Web Services (AWS) Fundamentals,56,AWS Architecture & Design Patterns,20,Architecture Patterns,1,course/aws/20-aws-architecture-design-patterns/01-architecture-patterns.json
1446,course,Amazon Web Services (AWS) Fundamentals,56,AWS Architecture & Design Patterns,20,AWS Design Principles,2,course/aws/20-aws-architecture-design-patterns/02-design-principles.json
1447,course,Amazon Web Services (AWS) Fundamentals,56,AWS Architecture & Design Patterns,20,Well-Architected Framework Deep Dive,3,course/aws/20-aws-architecture-design-patterns/03-well-architected-deep-dive.json
1448,course,Amazon Web Services (AWS) Fundamentals,56,AWS Architecture & Design Patterns,20,AWS Solutions Architect Patterns,4,course/aws/20-aws-architecture-design-patterns/04-aws-solutions-architect-patterns.json
1449,course,System Design Problems,65,Distributed Systems Fundamentals,4,Vertical vs horizontal scaling,1,course/system-design-problems/distributed-systems-fundamentals/vertical-vs-horizontal-scaling.json
1450,course,System Design Problems,65,Distributed Systems Fundamentals,4,Stateless services and distributed state,2,course/system-design-problems/distributed-systems-fundamentals/stateless-services-and-distributed-state.json
1451,course,System Design Problems,65,Distributed Systems Fundamentals,4,Replication and partitioning,3,course/system-design-problems/distributed-systems-fundamentals/replication-and-partitioning.json
1452,course,System Design Problems,65,Distributed Systems Fundamentals,4,CAP theorem,4,course/system-design-problems/distributed-systems-fundamentals/cap-theorem.json
1453,course,System Design Problems,65,Distributed Systems Fundamentals,4,PACELC and latency trade-offs,5,course/system-design-problems/distributed-systems-fundamentals/pacelc-and-latency-trade-offs.json
1454,course,System Design Problems,65,Distributed Systems Fundamentals,4,Strong vs eventual consistency,6,course/system-design-problems/distributed-systems-fundamentals/strong-vs-eventual-consistency.json
1455,course,System Design Problems,65,Distributed Systems Fundamentals,4,Quorum concepts,7,course/system-design-problems/distributed-systems-fundamentals/quorum-concepts.json
1456,course,System Design Problems,65,Distributed Systems Fundamentals,4,Sharding strategies,8,course/system-design-problems/distributed-systems-fundamentals/sharding-strategies.json
1457,course,System Design Problems,65,Distributed Systems Fundamentals,4,Queues vs pub/sub vs event streams,9,course/system-design-problems/distributed-systems-fundamentals/queues-vs-pubsub-vs-event-streams.json
1458,course,System Design Problems,65,Distributed Systems Fundamentals,4,At-most-once vs at-least-once delivery,10,course/system-design-problems/distributed-systems-fundamentals/at-most-once-vs-at-least-once-delivery.json
1459,course,System Design Problems,65,Distributed Systems Fundamentals,4,Why exactly-once is difficult,11,course/system-design-problems/distributed-systems-fundamentals/why-exactly-once-is-difficult.json
1460,course,System Design Problems,65,Distributed Systems Fundamentals,4,Message ordering,12,course/system-design-problems/distributed-systems-fundamentals/message-ordering.json
1461,course,System Design Problems,65,Distributed Systems Fundamentals,4,Duplicate messages and idempotency,13,course/system-design-problems/distributed-systems-fundamentals/duplicate-messages-and-idempotency.json
1462,course,System Design Problems,65,Distributed Systems Fundamentals,4,Dead-letter queues,14,course/system-design-problems/distributed-systems-fundamentals/dead-letter-queues.json
1463,course,System Design Problems,65,Distributed Systems Fundamentals,4,Retry with exponential backoff and jitter,15,course/system-design-problems/distributed-systems-fundamentals/retry-with-exponential-backoff-and-jitter.json
1464,course,System Design Problems,65,Distributed Systems Fundamentals,4,Timeouts and circuit breakers,16,course/system-design-problems/distributed-systems-fundamentals/timeouts-and-circuit-breakers.json
1465,course,System Design Problems,65,Distributed Systems Fundamentals,4,Bulkheads and load shedding,17,course/system-design-problems/distributed-systems-fundamentals/bulkheads-and-load-shedding.json
1466,course,System Design Problems,65,Distributed Systems Fundamentals,4,Backpressure,18,course/system-design-problems/distributed-systems-fundamentals/backpressure.json
1467,course,System Design Problems,65,Distributed Systems Fundamentals,4,Outbox pattern,19,course/system-design-problems/distributed-systems-fundamentals/outbox-pattern.json
1468,course,System Design Problems,65,Distributed Systems Fundamentals,4,Inbox/deduplication pattern,20,course/system-design-problems/distributed-systems-fundamentals/inboxdeduplication-pattern.json
1469,course,System Design Problems,65,Distributed Systems Fundamentals,4,Distributed transactions,21,course/system-design-problems/distributed-systems-fundamentals/distributed-transactions.json
1470,course,System Design Problems,65,Distributed Systems Fundamentals,4,Saga pattern,22,course/system-design-problems/distributed-systems-fundamentals/saga-pattern.json
1471,course,System Design Problems,65,Distributed Systems Fundamentals,4,Compensating actions,23,course/system-design-problems/distributed-systems-fundamentals/compensating-actions.json
1472,course,System Design Problems,65,Distributed Systems Fundamentals,4,CQRS,24,course/system-design-problems/distributed-systems-fundamentals/cqrs.json
1473,course,System Design Problems,65,Distributed Systems Fundamentals,4,Event sourcing,25,course/system-design-problems/distributed-systems-fundamentals/event-sourcing.json
1474,course,System Design Problems,65,Distributed Systems Fundamentals,4,Workflow orchestration vs choreography,26,course/system-design-problems/distributed-systems-fundamentals/workflow-orchestration-vs-choreography.json
1475,course,"Programming, Computer & Web Foundations",100,Programming & Computer Fundamentals,1,How source code becomes a running program,1,course/programming-computer-web-foundations/programming-computer-fundamentals/how-source-code-becomes-a-running-program.json
1476,course,"Programming, Computer & Web Foundations",100,Programming & Computer Fundamentals,1,Compiler vs interpreter vs runtime,2,course/programming-computer-web-foundations/programming-computer-fundamentals/compiler-vs-interpreter-vs-runtime.json
1477,course,"Programming, Computer & Web Foundations",100,Programming & Computer Fundamentals,1,"CPU, memory, storage and I/O",3,course/programming-computer-web-foundations/programming-computer-fundamentals/cpu-memory-storage-and-io.json
1478,course,"Programming, Computer & Web Foundations",100,Programming & Computer Fundamentals,1,Processes vs threads,4,course/programming-computer-web-foundations/programming-computer-fundamentals/processes-vs-threads.json
1479,course,"Programming, Computer & Web Foundations",100,Programming & Computer Fundamentals,1,Stack vs heap,5,course/programming-computer-web-foundations/programming-computer-fundamentals/stack-vs-heap.json
1480,course,"Programming, Computer & Web Foundations",100,Programming & Computer Fundamentals,1,"References, values and object lifetime",6,course/programming-computer-web-foundations/programming-computer-fundamentals/references-values-and-object-lifetime.json
1481,course,"Programming, Computer & Web Foundations",100,Programming & Computer Fundamentals,1,Time complexity and Big O,7,course/programming-computer-web-foundations/programming-computer-fundamentals/time-complexity-and-big-o.json
1482,course,"Programming, Computer & Web Foundations",100,Programming & Computer Fundamentals,1,Common data structures and when to use them,8,course/programming-computer-web-foundations/programming-computer-fundamentals/common-data-structures-and-when-to-use-them.json
1483,course,"Programming, Computer & Web Foundations",100,Programming & Computer Fundamentals,1,Concurrency vs parallelism,9,course/programming-computer-web-foundations/programming-computer-fundamentals/concurrency-vs-parallelism.json
1484,course,"Programming, Computer & Web Foundations",100,Programming & Computer Fundamentals,1,Synchronous vs asynchronous work,10,course/programming-computer-web-foundations/programming-computer-fundamentals/synchronous-vs-asynchronous-work.json
1485,course,"Programming, Computer & Web Foundations",100,Web & Networking Fundamentals,2,DNS resolution from browser to server,1,course/programming-computer-web-foundations/web-networking-fundamentals/dns-resolution-from-browser-to-server.json
1486,course,"Programming, Computer & Web Foundations",100,Web & Networking Fundamentals,2,TCP connection and TLS handshake,2,course/programming-computer-web-foundations/web-networking-fundamentals/tcp-connection-and-tls-handshake.json
1487,course,"Programming, Computer & Web Foundations",100,Web & Networking Fundamentals,2,HTTP request and response lifecycle,3,course/programming-computer-web-foundations/web-networking-fundamentals/http-request-and-response-lifecycle.json
1488,course,"Programming, Computer & Web Foundations",100,Web & Networking Fundamentals,2,"HTTP methods, status codes and headers",4,course/programming-computer-web-foundations/web-networking-fundamentals/http-methods-status-codes-and-headers.json
1489,course,"Programming, Computer & Web Foundations",100,Web & Networking Fundamentals,2,HTTP/1.1 vs HTTP/2 vs HTTP/3,5,course/programming-computer-web-foundations/web-networking-fundamentals/http11-vs-http2-vs-http3.json
1490,course,"Programming, Computer & Web Foundations",100,Web & Networking Fundamentals,2,"Cookies, sessions and browser storage",6,course/programming-computer-web-foundations/web-networking-fundamentals/cookies-sessions-and-browser-storage.json
1491,course,"Programming, Computer & Web Foundations",100,Web & Networking Fundamentals,2,CORS and preflight requests,7,course/programming-computer-web-foundations/web-networking-fundamentals/cors-and-preflight-requests.json
1492,course,"Programming, Computer & Web Foundations",100,Web & Networking Fundamentals,2,"CDN, reverse proxy and load balancer",8,course/programming-computer-web-foundations/web-networking-fundamentals/cdn-reverse-proxy-and-load-balancer.json
1493,course,"Programming, Computer & Web Foundations",100,Web & Networking Fundamentals,2,WebSockets vs Server-Sent Events,9,course/programming-computer-web-foundations/web-networking-fundamentals/websockets-vs-server-sent-events.json
1494,course,"Programming, Computer & Web Foundations",100,Web & Networking Fundamentals,2,How to troubleshoot a failing HTTP request,10,course/programming-computer-web-foundations/web-networking-fundamentals/how-to-troubleshoot-a-failing-http-request.json
1495,course,Git & Linux Developer Workflow,101,Git for Senior Engineers,1,Branching strategies and trunk-based development,1,course/git-linux-developer-workflow/git-for-senior-engineers/branching-strategies-and-trunk-based-development.json
1496,course,Git & Linux Developer Workflow,101,Git for Senior Engineers,1,Merge vs rebase,2,course/git-linux-developer-workflow/git-for-senior-engineers/merge-vs-rebase.json
1497,course,Git & Linux Developer Workflow,101,Git for Senior Engineers,1,Interactive rebase,3,course/git-linux-developer-workflow/git-for-senior-engineers/interactive-rebase.json
1498,course,Git & Linux Developer Workflow,101,Git for Senior Engineers,1,"Cherry-pick, revert and reset",4,course/git-linux-developer-workflow/git-for-senior-engineers/cherry-pick-revert-and-reset.json
1499,course,Git & Linux Developer Workflow,101,Git for Senior Engineers,1,Reflog and recovering lost commits,5,course/git-linux-developer-workflow/git-for-senior-engineers/reflog-and-recovering-lost-commits.json
1500,course,Git & Linux Developer Workflow,101,Git for Senior Engineers,1,Git bisect for regression investigation,6,course/git-linux-developer-workflow/git-for-senior-engineers/git-bisect-for-regression-investigation.json
1501,course,Git & Linux Developer Workflow,101,Git for Senior Engineers,1,Resolving difficult merge conflicts,7,course/git-linux-developer-workflow/git-for-senior-engineers/resolving-difficult-merge-conflicts.json
1502,course,Git & Linux Developer Workflow,101,Git for Senior Engineers,1,Pull request and code review workflow,8,course/git-linux-developer-workflow/git-for-senior-engineers/pull-request-and-code-review-workflow.json
1503,course,Git & Linux Developer Workflow,101,Git for Senior Engineers,1,Commit hygiene and release branches,9,course/git-linux-developer-workflow/git-for-senior-engineers/commit-hygiene-and-release-branches.json
1504,course,Git & Linux Developer Workflow,101,Git for Senior Engineers,1,Managing breaking changes across branches,10,course/git-linux-developer-workflow/git-for-senior-engineers/managing-breaking-changes-across-branches.json
1505,course,Git & Linux Developer Workflow,101,Linux & Production Troubleshooting,2,"Processes, threads and signals",1,course/git-linux-developer-workflow/linux-production-troubleshooting/processes-threads-and-signals.json
1506,course,Git & Linux Developer Workflow,101,Linux & Production Troubleshooting,2,File descriptors and open files,2,course/git-linux-developer-workflow/linux-production-troubleshooting/file-descriptors-and-open-files.json
1507,course,Git & Linux Developer Workflow,101,Linux & Production Troubleshooting,2,Permissions and environment variables,3,course/git-linux-developer-workflow/linux-production-troubleshooting/permissions-and-environment-variables.json
1508,course,Git & Linux Developer Workflow,101,Linux & Production Troubleshooting,2,SSH and secure remote access,4,course/git-linux-developer-workflow/linux-production-troubleshooting/ssh-and-secure-remote-access.json
1509,course,Git & Linux Developer Workflow,101,Linux & Production Troubleshooting,2,"CPU, memory and disk investigation",5,course/git-linux-developer-workflow/linux-production-troubleshooting/cpu-memory-and-disk-investigation.json
1510,course,Git & Linux Developer Workflow,101,Linux & Production Troubleshooting,2,"ps, top, ss, lsof and curl for diagnosis",6,course/git-linux-developer-workflow/linux-production-troubleshooting/ps-top-ss-lsof-and-curl-for-diagnosis.json
1511,course,Git & Linux Developer Workflow,101,Linux & Production Troubleshooting,2,Reading application and system logs,7,course/git-linux-developer-workflow/linux-production-troubleshooting/reading-application-and-system-logs.json
1512,course,Git & Linux Developer Workflow,101,Linux & Production Troubleshooting,2,DNS and network troubleshooting from Linux,8,course/git-linux-developer-workflow/linux-production-troubleshooting/dns-and-network-troubleshooting-from-linux.json
1513,course,Git & Linux Developer Workflow,101,Linux & Production Troubleshooting,2,Diagnosing a port that is not reachable,9,course/git-linux-developer-workflow/linux-production-troubleshooting/diagnosing-a-port-that-is-not-reachable.json
1514,course,Git & Linux Developer Workflow,101,Linux & Production Troubleshooting,2,Building a repeatable production investigation workflow,10,course/git-linux-developer-workflow/linux-production-troubleshooting/building-a-repeatable-production-investigation-workflow.json
1515,course,Next.js & Full-Stack React,102,App Router & Rendering,1,Next.js App Router architecture,1,course/next-js-full-stack-react/app-router-rendering/nextjs-app-router-architecture.json
1516,course,Next.js & Full-Stack React,102,App Router & Rendering,1,Server Components and Client Components,2,course/next-js-full-stack-react/app-router-rendering/server-components-and-client-components.json
1517,course,Next.js & Full-Stack React,102,App Router & Rendering,1,"SSR, SSG, ISR and dynamic rendering",3,course/next-js-full-stack-react/app-router-rendering/ssr-ssg-isr-and-dynamic-rendering.json
1518,course,Next.js & Full-Stack React,102,App Router & Rendering,1,Streaming and Suspense,4,course/next-js-full-stack-react/app-router-rendering/streaming-and-suspense.json
1519,course,Next.js & Full-Stack React,102,App Router & Rendering,1,Route handlers and backend-for-frontend patterns,5,course/next-js-full-stack-react/app-router-rendering/route-handlers-and-backend-for-frontend-patterns.json
1520,course,Next.js & Full-Stack React,102,App Router & Rendering,1,Server Actions and mutation boundaries,6,course/next-js-full-stack-react/app-router-rendering/server-actions-and-mutation-boundaries.json
1521,course,Next.js & Full-Stack React,102,App Router & Rendering,1,Caching and revalidation,7,course/next-js-full-stack-react/app-router-rendering/caching-and-revalidation.json
1522,course,Next.js & Full-Stack React,102,App Router & Rendering,1,Authentication and authorization boundaries,8,course/next-js-full-stack-react/app-router-rendering/authentication-and-authorization-boundaries.json
1523,course,Next.js & Full-Stack React,102,App Router & Rendering,1,Edge runtime vs Node runtime,9,course/next-js-full-stack-react/app-router-rendering/edge-runtime-vs-node-runtime.json
1524,course,Next.js & Full-Stack React,102,App Router & Rendering,1,Deployment architecture for Next.js,10,course/next-js-full-stack-react/app-router-rendering/deployment-architecture-for-nextjs.json
1525,course,Frontend Performance Engineering,103,Browser & React Performance,1,"Core Web Vitals: LCP, INP and CLS",1,course/frontend-performance-engineering/browser-react-performance/core-web-vitals-lcp-inp-and-cls.json
1526,course,Frontend Performance Engineering,103,Browser & React Performance,1,TTFB and frontend performance budgets,2,course/frontend-performance-engineering/browser-react-performance/ttfb-and-frontend-performance-budgets.json
1527,course,Frontend Performance Engineering,103,Browser & React Performance,1,Network waterfalls and request prioritization,3,course/frontend-performance-engineering/browser-react-performance/network-waterfalls-and-request-prioritization.json
1528,course,Frontend Performance Engineering,103,Browser & React Performance,1,Bundle analysis and code splitting,4,course/frontend-performance-engineering/browser-react-performance/bundle-analysis-and-code-splitting.json
1529,course,Frontend Performance Engineering,103,Browser & React Performance,1,Tree shaking and dependency cost,5,course/frontend-performance-engineering/browser-react-performance/tree-shaking-and-dependency-cost.json
1530,course,Frontend Performance Engineering,103,Browser & React Performance,1,Lazy loading and prefetching,6,course/frontend-performance-engineering/browser-react-performance/lazy-loading-and-prefetching.json
1531,course,Frontend Performance Engineering,103,Browser & React Performance,1,Image and font optimization,7,course/frontend-performance-engineering/browser-react-performance/image-and-font-optimization.json
1532,course,Frontend Performance Engineering,103,Browser & React Performance,1,React Profiler and render investigation,8,course/frontend-performance-engineering/browser-react-performance/react-profiler-and-render-investigation.json
1533,course,Frontend Performance Engineering,103,Browser & React Performance,1,Virtualization for large lists,9,course/frontend-performance-engineering/browser-react-performance/virtualization-for-large-lists.json
1534,course,Frontend Performance Engineering,103,Browser & React Performance,1,Frontend memory leaks,10,course/frontend-performance-engineering/browser-react-performance/frontend-memory-leaks.json
1535,course,Frontend Performance Engineering,103,Browser & React Performance,1,Web Workers and CPU-heavy browser work,11,course/frontend-performance-engineering/browser-react-performance/web-workers-and-cpu-heavy-browser-work.json
1536,course,Senior Software Engineering,104,Production Ownership,1,"SLI, SLO and SLA",1,course/senior-software-engineering/production-ownership/sli-slo-and-sla.json
1537,course,Senior Software Engineering,104,Production Ownership,1,Error budgets,2,course/senior-software-engineering/production-ownership/error-budgets.json
1538,course,Senior Software Engineering,104,Production Ownership,1,Incident severity and response,3,course/senior-software-engineering/production-ownership/incident-severity-and-response.json
1539,course,Senior Software Engineering,104,Production Ownership,1,Incident command and communication,4,course/senior-software-engineering/production-ownership/incident-command-and-communication.json
1540,course,Senior Software Engineering,104,Production Ownership,1,Root cause analysis,5,course/senior-software-engineering/production-ownership/root-cause-analysis.json
1541,course,Senior Software Engineering,104,Production Ownership,1,Blameless postmortems,6,course/senior-software-engineering/production-ownership/blameless-postmortems.json
1542,course,Senior Software Engineering,104,Production Ownership,1,Rollback vs forward fix,7,course/senior-software-engineering/production-ownership/rollback-vs-forward-fix.json
1543,course,Senior Software Engineering,104,Production Ownership,1,Capacity planning,8,course/senior-software-engineering/production-ownership/capacity-planning.json
1544,course,Senior Software Engineering,104,Production Ownership,1,RTO and RPO,9,course/senior-software-engineering/production-ownership/rto-and-rpo.json
1545,course,Senior Software Engineering,104,Production Ownership,1,Disaster recovery testing,10,course/senior-software-engineering/production-ownership/disaster-recovery-testing.json
1546,course,Senior Software Engineering,104,Technical Leadership,2,Effective code reviews,1,course/senior-software-engineering/technical-leadership/effective-code-reviews.json
1547,course,Senior Software Engineering,104,Technical Leadership,2,Architecture reviews,2,course/senior-software-engineering/technical-leadership/architecture-reviews.json
1548,course,Senior Software Engineering,104,Technical Leadership,2,Mentoring junior engineers,3,course/senior-software-engineering/technical-leadership/mentoring-junior-engineers.json
1549,course,Senior Software Engineering,104,Technical Leadership,2,Breaking down large technical initiatives,4,course/senior-software-engineering/technical-leadership/breaking-down-large-technical-initiatives.json
1550,course,Senior Software Engineering,104,Technical Leadership,2,Estimation and uncertainty,5,course/senior-software-engineering/technical-leadership/estimation-and-uncertainty.json
1551,course,Senior Software Engineering,104,Technical Leadership,2,Communicating technical risk,6,course/senior-software-engineering/technical-leadership/communicating-technical-risk.json
1552,course,Senior Software Engineering,104,Technical Leadership,2,Handling technical disagreement,7,course/senior-software-engineering/technical-leadership/handling-technical-disagreement.json
1553,course,Senior Software Engineering,104,Technical Leadership,2,Influencing without authority,8,course/senior-software-engineering/technical-leadership/influencing-without-authority.json
1554,course,Senior Software Engineering,104,Technical Leadership,2,Working with product and QA,9,course/senior-software-engineering/technical-leadership/working-with-product-and-qa.json
1555,course,Senior Software Engineering,104,Technical Leadership,2,Writing technical proposals,10,course/senior-software-engineering/technical-leadership/writing-technical-proposals.json
1556,problem,C# Problems,63,Array Problems,1,Two Sum,1,problem/csharp/01-array-problems/two-sum.json
1557,problem,C# Problems,63,Array Problems,1,Contains Duplicate,3,problem/csharp/01-array-problems/contains-duplicate.json
1558,problem,C# Problems,63,Array Problems,1,Best Time to Buy and Sell Stock,4,problem/csharp/01-array-problems/best-time-to-buy-and-sell-stock.json
1559,problem,C# Problems,63,Array Problems,1,Maximum Subarray,5,problem/csharp/01-array-problems/maximum-subarray.json
1560,problem,C# Problems,63,Array Problems,1,Product of Array Except Self,6,problem/csharp/01-array-problems/product-of-array-except-self.json
1561,problem,C# Problems,63,Array Problems,1,3Sum,7,problem/csharp/01-array-problems/3sum.json
1562,problem,C# Problems,63,Array Problems,1,Container With Most Water,8,problem/csharp/01-array-problems/container-with-most-water.json
1563,problem,C# Problems,63,Array Problems,1,Rotate Array,9,problem/csharp/01-array-problems/rotate-array.json
1564,problem,C# Problems,63,Array Problems,1,Jump Game,10,problem/csharp/01-array-problems/jump-game.json
1565,problem,C# Problems,63,Array Problems,1,Merge Intervals,11,problem/csharp/01-array-problems/merge-intervals.json
1566,problem,C# Problems,63,Array Problems,1,Insert Interval,12,problem/csharp/01-array-problems/insert-interval.json
1567,problem,C# Problems,63,Array Problems,1,Minimum Size Subarray Sum,13,problem/csharp/01-array-problems/minimum-size-subarray-sum.json
1568,problem,C# Problems,63,Array Problems,1,Spiral Matrix,14,problem/csharp/01-array-problems/spiral-matrix.json
1569,problem,C# Problems,63,Array Problems,1,Set Matrix Zeroes,15,problem/csharp/01-array-problems/set-matrix-zeroes.json
1570,problem,C# Problems,63,Array Problems,1,Longest Consecutive Sequence,16,problem/csharp/01-array-problems/longest-consecutive-sequence.json
1571,problem,C# Problems,63,Array Problems,1,Sort Colors,17,problem/csharp/01-array-problems/sort-colors.json
1572,problem,C# Problems,63,Array Problems,1,Find Minimum in Rotated Sorted Array,18,problem/csharp/01-array-problems/find-minimum-in-rotated-sorted-array.json
1573,problem,C# Problems,63,Array Problems,1,Search in Rotated Sorted Array,19,problem/csharp/01-array-problems/search-in-rotated-sorted-array.json
1574,problem,C# Problems,63,Array Problems,1,Move Zeroes,20,problem/csharp/01-array-problems/move-zeroes.json
1575,problem,C# Problems,63,Array Problems,1,Subarray Sum Equals K,21,problem/csharp/01-array-problems/subarray-sum-equals-k.json
1576,problem,C# Problems,63,Array Problems,1,Maximum Product Subarray,22,problem/csharp/01-array-problems/maximum-product-subarray.json
1577,problem,C# Problems,63,Array Problems,1,Majority Element,23,problem/csharp/01-array-problems/majority-element.json
1578,problem,C# Problems,63,Array Problems,1,Trapping Rain Water,24,problem/csharp/01-array-problems/trapping-rain-water.json
1579,problem,C# Problems,63,Array Problems,1,Largest Element in Array,25,problem/csharp/01-array-problems/largest-element-in-array.json
1580,problem,C# Problems,63,Array Problems,1,Check if Array is Sorted,26,problem/csharp/01-array-problems/check-if-array-is-sorted.json
1581,problem,C# Problems,63,Array Problems,1,Reverse an Array,27,problem/csharp/01-array-problems/reverse-an-array.json
1582,problem,C# Problems,63,Array Problems,1,Remove Duplicates from Sorted Array,28,problem/csharp/01-array-problems/remove-duplicates-from-sorted-array.json
1583,problem,C# Problems,63,Array Problems,1,Move Zeroes to End,29,problem/csharp/01-array-problems/move-zeroes-to-end.json
1584,problem,C# Problems,63,Array Problems,1,Leaders in Array,30,problem/csharp/01-array-problems/leaders-in-array.json
1585,problem,C# Problems,63,String Problems,2,Reverse String,2,problem/csharp/02-string-problems/reverse-string.json
1586,problem,C# Problems,63,String Problems,2,Valid Anagram,3,problem/csharp/02-string-problems/valid-anagram.json
1587,problem,C# Problems,63,String Problems,2,Valid Palindrome,4,problem/csharp/02-string-problems/valid-palindrome.json
1588,problem,C# Problems,63,String Problems,2,Longest Substring Without Repeating Characters,5,problem/csharp/02-string-problems/longest-substring.json
1589,problem,C# Problems,63,String Problems,2,Group Anagrams,6,problem/csharp/02-string-problems/group-anagrams.json
1590,problem,C# Problems,63,String Problems,2,Longest Common Prefix,7,problem/csharp/02-string-problems/longest-common-prefix.json
1591,problem,C# Problems,63,String Problems,2,Isomorphic Strings,8,problem/csharp/02-string-problems/isomorphic-strings.json
1592,problem,C# Problems,63,String Problems,2,Ransom Note,9,problem/csharp/02-string-problems/ransom-note.json
1593,problem,C# Problems,63,String Problems,2,First Unique Character in a String,10,problem/csharp/02-string-problems/first-unique-char.json
1594,problem,C# Problems,63,String Problems,2,Reverse Words in a String,11,problem/csharp/02-string-problems/reverse-words.json
1595,problem,C# Problems,63,String Problems,2,String Compression,12,problem/csharp/02-string-problems/string-compression.json
1596,problem,C# Problems,63,String Problems,2,Longest Palindromic Substring,13,problem/csharp/02-string-problems/longest-palindromic-substring.json
1597,problem,C# Problems,63,String Problems,2,Palindromic Substrings,14,problem/csharp/02-string-problems/palindromic-substrings.json
1598,problem,C# Problems,63,String Problems,2,Count and Say,15,problem/csharp/02-string-problems/count-and-say.json
1599,problem,C# Problems,63,String Problems,2,Implement strStr(),16,problem/csharp/02-string-problems/implement-strstr.json
1600,problem,C# Problems,63,String Problems,2,Add Strings,17,problem/csharp/02-string-problems/add-strings.json
1601,problem,C# Problems,63,String Problems,2,Multiply Strings,18,problem/csharp/02-string-problems/multiply-strings.json
1602,problem,C# Problems,63,String Problems,2,Decode Ways,19,problem/csharp/02-string-problems/decode-ways.json
1603,problem,C# Problems,63,String Problems,2,Longest Repeating Character Replacement,20,problem/csharp/02-string-problems/longest-repeating-char-replacement.json
1604,problem,C# Problems,63,String Problems,2,Longest Substring with At Most Two Distinct Characters,21,problem/csharp/02-string-problems/longest-substring-two-distinct.json
1605,problem,C# Problems,63,String Problems,2,Longest Substring with At Most K Distinct Characters,22,problem/csharp/02-string-problems/longest-substring-k-distinct.json
1606,problem,C# Problems,63,String Problems,2,Word Pattern,23,problem/csharp/02-string-problems/word-pattern.json
1607,problem,C# Problems,63,String Problems,2,Simplify Path,24,problem/csharp/02-string-problems/simplify-path.json
1608,problem,C# Problems,63,Linked List Problems,3,Reverse Linked List,1,problem/csharp/03-linked-list-problems/reverse-linked-list.json
1609,problem,C# Problems,63,Linked List Problems,3,Merge Two Sorted Lists,2,problem/csharp/03-linked-list-problems/merge-two-sorted-lists.json
1610,problem,C# Problems,63,Linked List Problems,3,Linked List Cycle,3,problem/csharp/03-linked-list-problems/linked-list-cycle.json
1611,problem,C# Problems,63,Linked List Problems,3,Palindrome Linked List,4,problem/csharp/03-linked-list-problems/palindrome-linked-list.json
1612,problem,C# Problems,63,Linked List Problems,3,Remove Nth Node From End,5,problem/csharp/03-linked-list-problems/remove-nth-node-from-end.json
1613,problem,C# Problems,63,Linked List Problems,3,Middle of Linked List,6,problem/csharp/03-linked-list-problems/middle-of-linked-list.json
1614,problem,C# Problems,63,Linked List Problems,3,Intersection of Two Linked Lists,7,problem/csharp/03-linked-list-problems/intersection-of-two-linked-lists.json
1615,problem,C# Problems,63,Linked List Problems,3,Remove Duplicates From Sorted List,8,problem/csharp/03-linked-list-problems/remove-duplicates-from-sorted-list.json
1616,problem,C# Problems,63,Linked List Problems,3,Swap Nodes in Pairs,9,problem/csharp/03-linked-list-problems/swap-nodes-in-pairs.json
1617,problem,C# Problems,63,Linked List Problems,3,Odd Even Linked List,10,problem/csharp/03-linked-list-problems/odd-even-linked-list.json
1618,problem,C# Problems,63,Linked List Problems,3,Remove Linked List Elements,11,problem/csharp/03-linked-list-problems/remove-linked-list-elements.json
1619,problem,C# Problems,63,Tree & Graph Problems,4,Maximum Depth of Binary Tree,1,problem/csharp/04-tree-graph-problems/maximum-depth-of-binary-tree.json
1620,problem,C# Problems,63,Tree & Graph Problems,4,Binary Tree Level Order Traversal,2,problem/csharp/04-tree-graph-problems/binary-tree-level-order-traversal.json
1621,problem,C# Problems,63,Tree & Graph Problems,4,Binary Tree Zigzag Level Order Traversal,3,problem/csharp/04-tree-graph-problems/binary-tree-zigzag-level-order-traversal.json
1622,problem,C# Problems,63,Tree & Graph Problems,4,Construct Binary Tree from Preorder and Inorder,4,problem/csharp/04-tree-graph-problems/construct-binary-tree-from-preorder-and-inorder.json
1623,problem,C# Problems,63,Tree & Graph Problems,4,Symmetric Tree,5,problem/csharp/04-tree-graph-problems/symmetric-tree.json
1624,problem,C# Problems,63,Tree & Graph Problems,4,Same Tree,6,problem/csharp/04-tree-graph-problems/same-tree.json
1625,problem,C# Problems,63,Tree & Graph Problems,4,Recover Binary Search Tree,7,problem/csharp/04-tree-graph-problems/recover-binary-search-tree.json
1626,problem,C# Problems,63,Tree & Graph Problems,4,Path Sum,8,problem/csharp/04-tree-graph-problems/path-sum.json
1627,problem,C# Problems,63,Tree & Graph Problems,4,Path Sum II,9,problem/csharp/04-tree-graph-problems/path-sum-ii.json
1628,problem,C# Problems,63,Tree & Graph Problems,4,Path Sum III,10,problem/csharp/04-tree-graph-problems/path-sum-iii.json
1629,problem,C# Problems,63,Tree & Graph Problems,4,Binary Tree Maximum Path Sum,11,problem/csharp/04-tree-graph-problems/binary-tree-maximum-path-sum.json
1630,problem,C# Problems,63,Tree & Graph Problems,4,Validate Binary Search Tree,12,problem/csharp/04-tree-graph-problems/validate-binary-search-tree.json
1631,problem,C# Problems,63,Tree & Graph Problems,4,Number of Islands,13,problem/csharp/04-tree-graph-problems/number-of-islands.json
1632,problem,C# Problems,63,Tree & Graph Problems,4,Clone Graph,14,problem/csharp/04-tree-graph-problems/clone-graph.json
1633,problem,C# Problems,63,Tree & Graph Problems,4,Course Schedule,15,problem/csharp/04-tree-graph-problems/course-schedule.json
1634,problem,C# Problems,63,Tree & Graph Problems,4,Pacific Atlantic Water Flow,16,problem/csharp/04-tree-graph-problems/pacific-atlantic-water-flow.json
1635,problem,C# Problems,63,Tree & Graph Problems,4,Surrounded Regions,17,problem/csharp/04-tree-graph-problems/surrounded-regions.json
1636,problem,C# Problems,63,Tree & Graph Problems,4,Number of Connected Components,18,problem/csharp/04-tree-graph-problems/number-of-connected-components.json
1637,problem,C# Problems,63,Tree & Graph Problems,4,Graph Valid Tree,19,problem/csharp/04-tree-graph-problems/graph-valid-tree.json
1638,problem,C# Problems,63,Tree & Graph Problems,4,Word Ladder,20,problem/csharp/04-tree-graph-problems/word-ladder.json
1639,problem,C# Problems,63,Tree & Graph Problems,4,Alien Dictionary,21,problem/csharp/04-tree-graph-problems/alien-dictionary.json
1640,problem,C# Problems,63,Tree & Graph Problems,4,All Nodes Distance K in Binary Tree,22,problem/csharp/04-tree-graph-problems/all-nodes-distance-k-in-binary-tree.json
1641,problem,C# Problems,63,Tree & Graph Problems,4,Lowest Common Ancestor of BST,23,problem/csharp/04-tree-graph-problems/lowest-common-ancestor-of-bst.json
1642,problem,C# Problems,63,Tree & Graph Problems,4,Binary Tree Right Side View,24,problem/csharp/04-tree-graph-problems/binary-tree-right-side-view.json
1643,problem,C# Problems,63,Tree & Graph Problems,4,Count Complete Tree Nodes,25,problem/csharp/04-tree-graph-problems/count-complete-tree-nodes.json
1644,problem,C# Problems,63,Dynamic Programming Problems,5,Climbing Stairs,1,problem/csharp/05-dynamic-programming-problems/climbing-stairs.json
1645,problem,C# Problems,63,Dynamic Programming Problems,5,Fibonacci Number,2,problem/csharp/05-dynamic-programming-problems/fibonacci-number.json
1646,problem,C# Problems,63,Dynamic Programming Problems,5,House Robber,3,problem/csharp/05-dynamic-programming-problems/house-robber.json
1647,problem,C# Problems,63,Dynamic Programming Problems,5,House Robber II,4,problem/csharp/05-dynamic-programming-problems/house-robber-ii.json
1648,problem,C# Problems,63,Dynamic Programming Problems,5,Decode Ways,5,problem/csharp/05-dynamic-programming-problems/decode-ways.json
1649,problem,C# Problems,63,Dynamic Programming Problems,5,Unique Paths,6,problem/csharp/05-dynamic-programming-problems/unique-paths.json
1650,problem,C# Problems,63,Dynamic Programming Problems,5,Unique Paths II,7,problem/csharp/05-dynamic-programming-problems/unique-paths-ii.json
1651,problem,C# Problems,63,Dynamic Programming Problems,5,Minimum Path Sum,8,problem/csharp/05-dynamic-programming-problems/minimum-path-sum.json
1652,problem,C# Problems,63,Dynamic Programming Problems,5,Edit Distance,9,problem/csharp/05-dynamic-programming-problems/edit-distance.json
1653,problem,C# Problems,63,Dynamic Programming Problems,5,Maximum Subarray,10,problem/csharp/05-dynamic-programming-problems/maximum-subarray.json
1654,problem,C# Problems,63,Dynamic Programming Problems,5,Maximum Product Subarray,11,problem/csharp/05-dynamic-programming-problems/maximum-product-subarray.json
1655,problem,C# Problems,63,Dynamic Programming Problems,5,Coin Change,12,problem/csharp/05-dynamic-programming-problems/coin-change.json
1656,problem,C# Problems,63,Dynamic Programming Problems,5,Word Break,13,problem/csharp/05-dynamic-programming-problems/word-break.json
1657,problem,C# Problems,63,Dynamic Programming Problems,5,Best Time to Buy and Sell Stock,14,problem/csharp/05-dynamic-programming-problems/best-time-to-buy-and-sell-stock.json
1658,problem,C# Problems,63,Dynamic Programming Problems,5,Best Time to Buy and Sell Stock II,15,problem/csharp/05-dynamic-programming-problems/best-time-to-buy-and-sell-stock-ii.json
1659,problem,C# Problems,63,Dynamic Programming Problems,5,Longest Increasing Subsequence,16,problem/csharp/05-dynamic-programming-problems/longest-increasing-subsequence.json
1660,problem,C# Problems,63,Dynamic Programming Problems,5,0-1 Knapsack,17,problem/csharp/05-dynamic-programming-problems/0-1-knapsack.json
1661,problem,C# Problems,63,Dynamic Programming Problems,5,Longest Common Subsequence,18,problem/csharp/05-dynamic-programming-problems/longest-common-subsequence.json
1662,problem,C# Problems,63,Dynamic Programming Problems,5,Palindrome Partitioning,19,problem/csharp/05-dynamic-programming-problems/palindrome-partitioning.json
1663,problem,C# Problems,63,Dynamic Programming Problems,5,Combination Sum IV,20,problem/csharp/05-dynamic-programming-problems/combination-sum-iv.json
1664,problem,C# Problems,63,Dynamic Programming Problems,5,Regular Expression Matching,21,problem/csharp/05-dynamic-programming-problems/regular-expression-matching.json
1665,problem,C# Problems,63,Dynamic Programming Problems,5,Burst Balloons,22,problem/csharp/05-dynamic-programming-problems/burst-balloons.json
1666,problem,C# Problems,63,Dynamic Programming Problems,5,Counting Bits,23,problem/csharp/05-dynamic-programming-problems/counting-bits.json
1667,problem,C# Problems,63,Sorting & Searching Problems,6,Binary Search,1,problem/csharp/06-sorting-searching-problems/binary-search.json
1668,problem,C# Problems,63,Sorting & Searching Problems,6,"Pow(x, n)",11,problem/csharp/06-sorting-searching-problems/powx-n.json
1669,problem,C# Problems,63,Recursion Problems,7,Count Digits in a Number,1,problem/csharp/07-recursion-problems/count-digits-in-number.json
1670,problem,C# Problems,63,Recursion Problems,7,Digital Root,2,problem/csharp/07-recursion-problems/digital-root.json
1671,problem,C# Problems,63,Recursion Problems,7,Power of a Number,3,problem/csharp/07-recursion-problems/power.json
1672,problem,C# Problems,63,Bitwise Problems,8,Find First Set Bit,1,problem/csharp/08-bitwise-problems/find-first-set-bit.json
1673,problem,C# Problems,63,Bitwise Problems,8,Count Total Set Bits,2,problem/csharp/08-bitwise-problems/count-total-set-bits.json
1674,problem,C# Problems,63,Bitwise Problems,8,Maximum Consecutive Ones,3,problem/csharp/08-bitwise-problems/max-consecutive-ones.json
1675,problem,ASP.NET Core Problems,64,MVC Fundamentals Problems,1,Routing Basics,1,problem/aspnet-core/01-mvc-fundamentals-problems/routing-basics.json
1676,problem,Low Level Design Problems,64,Parking Lot System,1,Design a Basic Parking Lot,1,problem/lld/parking-lot-system/parking-lot-basic.json
1677,problem,SQL Problems,64,SQL Basics,1,Select All Employees,1,problem/sql/01-sql-basics/01-select-all-employees.json
1678,problem,ASP.NET Core Problems,64,MVC Fundamentals Problems,1,Attribute Routing,2,problem/aspnet-core/01-mvc-fundamentals-problems/attribute-routing.json
1679,problem,Low Level Design Problems,64,Parking Lot System,1,Parking Lot: Pricing Strategies and Concurrency,2,problem/lld/parking-lot-system/parking-lot-advanced.json
1680,problem,SQL Problems,64,SQL Basics,1,Filter Employees by Department,2,problem/sql/01-sql-basics/02-filter-employees-by-department.json
1681,problem,ASP.NET Core Problems,64,MVC Fundamentals Problems,1,Action Filters,3,problem/aspnet-core/01-mvc-fundamentals-problems/action-filters.json
1682,problem,SQL Problems,64,SQL Basics,1,Sort Products by Price,3,problem/sql/01-sql-basics/03-sort-products-by-price.json
1683,problem,ASP.NET Core Problems,64,MVC Fundamentals Problems,1,Model Binding Deep Dive,4,problem/aspnet-core/01-mvc-fundamentals-problems/model-binding-deep-dive.json
1684,problem,SQL Problems,64,SQL Basics,1,Count Employees per Department,4,problem/sql/01-sql-basics/04-count-employees-per-department.json
1685,problem,ASP.NET Core Problems,64,MVC Fundamentals Problems,1,Validation Attributes,5,problem/aspnet-core/01-mvc-fundamentals-problems/validation-attributes.json
1686,problem,SQL Problems,64,SQL Basics,1,Filter Groups with HAVING,5,problem/sql/01-sql-basics/05-filter-groups-with-having.json
1687,problem,ASP.NET Core Problems,64,MVC Fundamentals Problems,1,Controller Actions and Results,6,problem/aspnet-core/01-mvc-fundamentals-problems/controller-actions-and-results.json
1688,problem,SQL Problems,64,SQL Basics,1,INNER JOIN Orders with Customers,6,problem/sql/01-sql-basics/06-inner-join-orders-customers.json
1689,problem,SQL Problems,64,SQL Basics,1,LEFT JOIN All Customers with Orders,7,problem/sql/01-sql-basics/07-left-join-customers-orders.json
1690,problem,SQL Problems,64,SQL Basics,1,RIGHT JOIN Suppliers with Products,8,problem/sql/01-sql-basics/08-right-join-suppliers-products.json
1691,problem,SQL Problems,64,SQL Basics,1,FULL OUTER JOIN Employees and Departments,9,problem/sql/01-sql-basics/09-full-outer-join-employees-departments.json
1692,problem,SQL Problems,64,SQL Basics,1,Select Distinct Cities,10,problem/sql/01-sql-basics/10-select-distinct-cities.json
1693,problem,SQL Problems,64,SQL Basics,1,Find Employees with BETWEEN Salary Range,11,problem/sql/01-sql-basics/11-between-salary-range.json
1694,problem,SQL Problems,64,SQL Basics,1,Filter with IN Operator,12,problem/sql/01-sql-basics/12-in-operator-departments.json
1695,problem,SQL Problems,64,SQL Basics,1,Pattern Matching with LIKE,13,problem/sql/01-sql-basics/13-like-pattern-matching.json
1696,problem,SQL Problems,64,SQL Basics,1,Basic Aggregate Functions,14,problem/sql/01-sql-basics/14-aggregate-functions-basics.json
1697,problem,SQL Problems,64,SQL Basics,1,Handle NULL Values with ISNULL,15,problem/sql/01-sql-basics/15-null-handling-isnull.json
1698,problem,SQL Problems,64,SQL Basics,1,String Concatenation,16,problem/sql/01-sql-basics/16-string-concatenation.json
1699,problem,SQL Problems,64,SQL Basics,1,Date Functions — Current Date,17,problem/sql/01-sql-basics/17-date-functions-current-date.json
1700,problem,SQL Problems,64,SQL Basics,1,UNION Customers and Suppliers,18,problem/sql/01-sql-basics/18-union-order-customers-suppliers.json
1701,problem,SQL Problems,64,SQL Basics,1,Find Departments That Have Employees,19,problem/sql/01-sql-basics/19-exists-department-employees.json
1702,problem,SQL Problems,64,SQL Basics,1,Top N Employees by Salary per Department,20,problem/sql/01-sql-basics/20-top-n-per-group.json
1703,problem,ASP.NET Core Problems,64,Razor Views Problems,2,Razor Syntax Basics,1,problem/aspnet-core/02-razor-views-problems/razor-syntax-basics.json
1704,problem,Low Level Design Problems,64,Elevator System,2,Design a Basic Elevator,1,problem/lld/elevator-system/elevator-basic.json
1705,problem,SQL Problems,64,SQL Intermediate,2,Subquery in WHERE Clause,1,problem/sql/02-sql-intermediate/01-subquery-in-where-clause.json
1706,problem,ASP.NET Core Problems,64,Razor Views Problems,2,Layouts and Partials,2,problem/aspnet-core/02-razor-views-problems/layouts-and-partials.json
1707,problem,Low Level Design Problems,64,Elevator System,2,Elevator Scheduling Algorithms,2,problem/lld/elevator-system/elevator-scheduling.json
1708,problem,SQL Problems,64,SQL Intermediate,2,CTE for Department Salary Stats,2,problem/sql/02-sql-intermediate/02-cte-department-salary-stats.json
1709,problem,ASP.NET Core Problems,64,Razor Views Problems,2,View Components,3,problem/aspnet-core/02-razor-views-problems/view-components.json
1710,problem,SQL Problems,64,SQL Intermediate,2,Ranking Employees with RANK(),3,problem/sql/02-sql-intermediate/03-window-function-rank.json
1711,problem,ASP.NET Core Problems,64,Razor Views Problems,2,Tag Helpers,4,problem/aspnet-core/02-razor-views-problems/tag-helpers.json
1712,problem,SQL Problems,64,SQL Intermediate,2,Compare Salaries with LAG and LEAD,4,problem/sql/02-sql-intermediate/04-lead-lag-salary-comparison.json
1713,problem,ASP.NET Core Problems,64,Razor Views Problems,2,"ViewData, ViewBag, and TempData",5,problem/aspnet-core/02-razor-views-problems/view-data-tempdata.json
1714,problem,SQL Problems,64,SQL Intermediate,2,Correlated Subquery for Department Average,5,problem/sql/02-sql-intermediate/05-correlated-subquery-department-average.json
1715,problem,SQL Problems,64,SQL Intermediate,2,Running Total with CTE and Window Function,6,problem/sql/02-sql-intermediate/06-cte-running-total-sales.json
1716,problem,SQL Problems,64,SQL Intermediate,2,Self Join — Employee and Manager,7,problem/sql/02-sql-intermediate/07-self-join-employee-manager.json
1717,problem,SQL Problems,64,SQL Intermediate,2,INTERSECT — Common Products Ordered,8,problem/sql/02-sql-intermediate/08-intersect-common-products-orders.json
1718,problem,SQL Problems,64,SQL Intermediate,2,EXCEPT — Products Never Ordered,9,problem/sql/02-sql-intermediate/09-except-products-never-ordered.json
1719,problem,SQL Problems,64,SQL Intermediate,2,Recursive CTE — Employee Hierarchy,10,problem/sql/02-sql-intermediate/10-recursive-cte-employee-hierarchy.json
1720,problem,SQL Problems,64,SQL Intermediate,2,"Multiple JOINs — Order with Customer, Product, and Supplier",11,problem/sql/02-sql-intermediate/11-multiple-joins-order-details.json
1721,problem,SQL Problems,64,SQL Intermediate,2,ALL Operator — Above All Department Averages,12,problem/sql/02-sql-intermediate/12-all-operator-salary-check.json
1722,problem,SQL Problems,64,SQL Intermediate,2,DENSE_RANK vs RANK — Tied Salaries,13,problem/sql/02-sql-intermediate/13-dense-rank-vs-rank.json
1723,problem,SQL Problems,64,SQL Intermediate,2,String Functions — Normalize Emails,14,problem/sql/02-sql-intermediate/14-string-functions-uppercase-email.json
1724,problem,SQL Problems,64,SQL Intermediate,2,CASE Expression — Salary Bands,15,problem/sql/02-sql-intermediate/15-case-expression-salary-band.json
1725,problem,SQL Problems,64,SQL Intermediate,2,CROSS APPLY — Top 2 Products per Category,16,problem/sql/02-sql-intermediate/16-cross-apply-product-categories.json
1726,problem,SQL Problems,64,SQL Intermediate,2,UNION ALL — Combine Multiple Sources,17,problem/sql/02-sql-intermediate/17-union-all-combined-customer-orders.json
1727,problem,SQL Problems,64,SQL Intermediate,2,Remove Duplicates with ROW_NUMBER,18,problem/sql/02-sql-intermediate/18-row-number-duplicate-removal.json
1728,problem,SQL Problems,64,SQL Intermediate,2,PIVOT — Sales by Quarter,19,problem/sql/02-sql-intermediate/19-pivot-sales-by-quarter.json
1729,problem,SQL Problems,64,SQL Intermediate,2,COALESCE — Display Preferred Name,20,problem/sql/02-sql-intermediate/20-coalesce-display-preferred-name.json
1730,problem,ASP.NET Core Problems,64,API Design Problems,3,REST API Design Principles,1,problem/aspnet-core/03-api-design-problems/rest-api-design-principles.json
1731,problem,Low Level Design Problems,64,ATM Machine,3,Design a Basic ATM Machine,1,problem/lld/atm-machine/atm-basic.json
1732,problem,SQL Problems,64,SQL Advanced,3,Stored Procedure — Get Employees by Department,1,problem/sql/03-sql-advanced/01-stored-procedure-get-employees-by-dept.json
1733,problem,ASP.NET Core Problems,64,API Design Problems,3,API Versioning,2,problem/aspnet-core/03-api-design-problems/api-versioning.json
1734,problem,Low Level Design Problems,64,ATM Machine,3,ATM: Cash Management and Denominations,2,problem/lld/atm-machine/atm-advanced.json
1735,problem,SQL Problems,64,SQL Advanced,3,AFTER UPDATE Trigger — Log Salary Changes,2,problem/sql/03-sql-advanced/02-after-update-trigger-log-salary-change.json
1736,problem,ASP.NET Core Problems,64,API Design Problems,3,Swagger Documentation,3,problem/aspnet-core/03-api-design-problems/swagger-documentation.json
1737,problem,SQL Problems,64,SQL Advanced,3,Create a Non-Clustered Index,3,problem/sql/03-sql-advanced/03-create-nonclustered-index.json
1738,problem,ASP.NET Core Problems,64,API Design Problems,3,Response Caching,4,problem/aspnet-core/03-api-design-problems/response-caching.json
1739,problem,SQL Problems,64,SQL Advanced,3,Transaction with Explicit ROLLBACK,4,problem/sql/03-sql-advanced/04-transaction-with-rollback.json
1740,problem,ASP.NET Core Problems,64,API Design Problems,3,Content Negotiation,5,problem/aspnet-core/03-api-design-problems/content-negotiation.json
1741,problem,SQL Problems,64,SQL Advanced,3,Isolation Level — SERIALIZABLE,5,problem/sql/03-sql-advanced/05-isolation-level-serializable.json
1742,problem,ASP.NET Core Problems,64,API Design Problems,3,API Error Handling,6,problem/aspnet-core/03-api-design-problems/api-error-handling.json
1743,problem,SQL Problems,64,SQL Advanced,3,TRY/CATCH — Robust Error Handling,6,problem/sql/03-sql-advanced/06-try-catch-error-handling.json
1744,problem,SQL Problems,64,SQL Advanced,3,Dynamic SQL with sp_executesql,7,problem/sql/03-sql-advanced/07-dynamic-sql-search.json
1745,problem,SQL Problems,64,SQL Advanced,3,Clustered Columnstore Index for Analytics,8,problem/sql/03-sql-advanced/08-clustered-columnstore-index.json
1746,problem,SQL Problems,64,SQL Advanced,3,Enable READ COMMITTED SNAPSHOT Isolation,9,problem/sql/03-sql-advanced/09-snapshot-isolation.json
1747,problem,SQL Problems,64,SQL Advanced,3,INSTEAD OF Trigger on a View,10,problem/sql/03-sql-advanced/10-instead-of-trigger-insert-view.json
1748,problem,ASP.NET Core Problems,64,Middleware Pipeline Problems,4,Middleware Ordering,1,problem/aspnet-core/04-middleware-pipeline-problems/middleware-ordering.json
1749,problem,Low Level Design Problems,64,Hotel Management System,4,Design Hotel Room and Reservation System,1,problem/lld/hotel-management/hotel-basic.json
1750,problem,ASP.NET Core Problems,64,Middleware Pipeline Problems,4,Exception Handling Middleware,2,problem/aspnet-core/04-middleware-pipeline-problems/exception-handling-middleware.json
1751,problem,Low Level Design Problems,64,Hotel Management System,4,"Hotel: Cancellation, Waitlist, and Pricing Rules",2,problem/lld/hotel-management/hotel-advanced.json
1752,problem,ASP.NET Core Problems,64,Middleware Pipeline Problems,4,CORS Configuration,3,problem/aspnet-core/04-middleware-pipeline-problems/cors-configuration.json
1753,problem,ASP.NET Core Problems,64,Middleware Pipeline Problems,4,Request Logging,4,problem/aspnet-core/04-middleware-pipeline-problems/request-logging.json
1754,problem,ASP.NET Core Problems,64,Middleware Pipeline Problems,4,Custom Middleware,5,problem/aspnet-core/04-middleware-pipeline-problems/custom-middleware.json
1755,problem,ASP.NET Core Problems,64,Middleware Pipeline Problems,4,Response Compression,6,problem/aspnet-core/04-middleware-pipeline-problems/response-compression.json
1756,problem,ASP.NET Core Problems,64,Dependency Injection Problems,5,Service Lifetimes,1,problem/aspnet-core/05-dependency-injection-problems/service-lifetimes.json
1757,problem,Low Level Design Problems,64,Library Management System,5,Design a Library Management System,1,problem/lld/library-management/library-basic.json
1758,problem,ASP.NET Core Problems,64,Dependency Injection Problems,5,IoC Container Setup,2,problem/aspnet-core/05-dependency-injection-problems/ioc-container-setup.json
1759,problem,Low Level Design Problems,64,Library Management System,5,"Library: Reservations, Notifications, and Fine Policies",2,problem/lld/library-management/library-advanced.json
1760,problem,ASP.NET Core Problems,64,Dependency Injection Problems,5,Factory Pattern with DI,3,problem/aspnet-core/05-dependency-injection-problems/factory-pattern-di.json
1761,problem,ASP.NET Core Problems,64,Dependency Injection Problems,5,Options Pattern,4,problem/aspnet-core/05-dependency-injection-problems/options-pattern.json
1762,problem,ASP.NET Core Problems,64,Dependency Injection Problems,5,Scoped vs Transient vs Singleton,5,problem/aspnet-core/05-dependency-injection-problems/scoped-vs-transient-vs-singleton.json
1763,problem,ASP.NET Core Problems,64,EF Core Problems,6,DbContext Configuration,1,problem/aspnet-core/06-ef-core-problems/dbcontext-configuration.json
1764,problem,Low Level Design Problems,64,Vending Machine,6,Design a Vending Machine,1,problem/lld/vending-machine/vending-basic.json
1765,problem,ASP.NET Core Problems,64,EF Core Problems,6,Relationships Configuration,2,problem/aspnet-core/06-ef-core-problems/relationships-configuration.json
1766,problem,Low Level Design Problems,64,Vending Machine,6,Vending Machine: Coin Denominations and Exact Change,2,problem/lld/vending-machine/vending-advanced.json
1767,problem,ASP.NET Core Problems,64,EF Core Problems,6,Eager vs Lazy Loading,3,problem/aspnet-core/06-ef-core-problems/eager-vs-lazy-loading.json
1768,problem,ASP.NET Core Problems,64,EF Core Problems,6,Query Optimization,4,problem/aspnet-core/06-ef-core-problems/query-optimization.json
1769,problem,ASP.NET Core Problems,64,EF Core Problems,6,Migrations Best Practices,5,problem/aspnet-core/06-ef-core-problems/migrations-best-practices.json
1770,problem,ASP.NET Core Problems,64,Authentication & Authorization Problems,7,JWT Authentication,1,problem/aspnet-core/07-authentication-authorization-problems/jwt-authentication.json
1771,problem,Low Level Design Problems,64,Movie Ticket Booking System,7,Design a Movie Ticket Booking System,1,problem/lld/movie-ticket-booking/movie-basic.json
1772,problem,ASP.NET Core Problems,64,Authentication & Authorization Problems,7,Identity Server Setup,2,problem/aspnet-core/07-authentication-authorization-problems/identity-server-setup.json
1773,problem,Low Level Design Problems,64,Movie Ticket Booking System,7,"Movie Booking: Waitlist, Pricing Rules, and Showtimes",2,problem/lld/movie-ticket-booking/movie-advanced.json
1774,problem,ASP.NET Core Problems,64,Authentication & Authorization Problems,7,Role-Based Access Control,3,problem/aspnet-core/07-authentication-authorization-problems/role-based-access.json
1775,problem,ASP.NET Core Problems,64,Authentication & Authorization Problems,7,Policy-Based Authorization,4,problem/aspnet-core/07-authentication-authorization-problems/policy-based-authorization.json
1776,problem,ASP.NET Core Problems,64,Authentication & Authorization Problems,7,Cookie Authentication,5,problem/aspnet-core/07-authentication-authorization-problems/cookie-authentication.json
1777,problem,ASP.NET Core Problems,64,Testing & Debugging Problems,8,Unit Testing Controllers,1,problem/aspnet-core/08-testing-debugging-problems/unit-testing-controllers.json
1778,problem,Low Level Design Problems,64,Tic Tac Toe Game,8,Design a Tic Tac Toe Game,1,problem/lld/tic-tac-toe-game/tictactoe-basic.json
1779,problem,ASP.NET Core Problems,64,Testing & Debugging Problems,8,Integration Testing,2,problem/aspnet-core/08-testing-debugging-problems/integration-testing.json
1780,problem,Low Level Design Problems,64,Tic Tac Toe Game,8,"Tic Tac Toe: Undo, AI Opponent, and Scoring",2,problem/lld/tic-tac-toe-game/tictactoe-advanced.json
1781,problem,ASP.NET Core Problems,64,Testing & Debugging Problems,8,Logging Best Practices,3,problem/aspnet-core/08-testing-debugging-problems/logging-best-practices.json
1782,problem,ASP.NET Core Problems,64,Testing & Debugging Problems,8,Health Checks,4,problem/aspnet-core/08-testing-debugging-problems/health-checks.json
1783,problem,ASP.NET Core Problems,64,Testing & Debugging Problems,8,Profiling and Debugging,5,problem/aspnet-core/08-testing-debugging-problems/profiling-debugging.json
1784,problem,Low Level Design Problems,64,Facebook News Feed,9,Design Facebook News Feed,1,problem/lld/facebook-news-feed/news-feed-basic.json
1785,problem,Low Level Design Problems,64,Facebook News Feed,9,"News Feed: Caching, Pagination, and Real-time Updates",2,problem/lld/facebook-news-feed/news-feed-advanced.json
1786,problem,Low Level Design Problems,64,WhatsApp Chat System,10,Design WhatsApp Chat System,1,problem/lld/whatsapp-chat/chat-basic.json
1787,problem,Low Level Design Problems,64,WhatsApp Chat System,10,"Chat: Presence, Typing Indicators, and Message Queue",2,problem/lld/whatsapp-chat/chat-advanced.json
1788,problem,Low Level Design Problems,64,Banking Application,11,Design a Banking Application,1,problem/lld/banking-app/banking-basic.json
1789,problem,Low Level Design Problems,64,Banking Application,11,"Banking: Transfers, Fraud Detection, and Audit Logging",2,problem/lld/banking-app/banking-advanced.json
1790,problem,Low Level Design Problems,64,Payment Gateway,12,Design a Payment Gateway,1,problem/lld/payment-gateway/payment-basic.json
1791,problem,Low Level Design Problems,64,Payment Gateway,12,"Payment Gateway: Refunds, Webhooks, and Idempotency",2,problem/lld/payment-gateway/payment-advanced.json
1792,problem,Low Level Design Problems,64,Uber Ride Sharing,13,Design Uber Ride Sharing,1,problem/lld/uber-ride-sharing/uber-basic.json
1793,problem,Low Level Design Problems,64,Uber Ride Sharing,13,"Uber: Surge Pricing, Notifications, and Driver Allocation",2,problem/lld/uber-ride-sharing/uber-advanced.json
1794,problem,Low Level Design Problems,64,Airbnb Booking System,14,Design Airbnb Booking System,1,problem/lld/airbnb-booking/airbnb-basic.json
1795,problem,Low Level Design Problems,64,Airbnb Booking System,14,"Airbnb: Search, Calendar Management, and Pricing Rules",2,problem/lld/airbnb-booking/airbnb-advanced.json
1796,problem,Low Level Design Problems,64,Amazon E-commerce,15,Design Amazon E-commerce System,1,problem/lld/amazon-ecommerce/amazon-basic.json
1797,problem,Low Level Design Problems,64,Amazon E-commerce,15,"Amazon: Inventory, Recommendations, and Wishlists",2,problem/lld/amazon-ecommerce/amazon-advanced.json
1798,problem,Low Level Design Problems,64,Netflix Video Streaming,16,Design Netflix Video Streaming,1,problem/lld/netflix-streaming/netflix-basic.json
1799,problem,Low Level Design Problems,64,Netflix Video Streaming,16,"Netflix: Recommendations, Profiles, and Offline Downloads",2,problem/lld/netflix-streaming/netflix-advanced.json
1800,problem,Low Level Design Problems,64,Spotify Music Streaming,17,Design Spotify Music Streaming,1,problem/lld/spotify-music/spotify-basic.json
1801,problem,Low Level Design Problems,64,Spotify Music Streaming,17,"Spotify: Recommendations, Lyrics Sync, and Caching",2,problem/lld/spotify-music/spotify-advanced.json
1802,problem,Low Level Design Problems,64,Twitter Social Media,18,Design Twitter Social Media,1,problem/lld/twitter-social/twitter-basic.json
1803,problem,Low Level Design Problems,64,Twitter Social Media,18,"Twitter: Trends, Search, and Hashtags",2,problem/lld/twitter-social/twitter-advanced.json
1804,problem,Low Level Design Problems,64,LinkedIn Professional Network,19,Design LinkedIn Professional Network,1,problem/lld/linkedin-professional/linkedin-basic.json
1805,problem,Low Level Design Problems,64,LinkedIn Professional Network,19,"LinkedIn: Job Matching, Recommendations, and Skill Endorsements",2,problem/lld/linkedin-professional/linkedin-advanced.json
1806,problem,Low Level Design Problems,64,Instagram Photo Sharing,20,Design Instagram Photo Sharing,1,problem/lld/instagram-photo-sharing/instagram-basic.json
1807,problem,Low Level Design Problems,64,Instagram Photo Sharing,20,"Instagram: Stories, Filters, and Notifications",2,problem/lld/instagram-photo-sharing/instagram-advanced.json
1808,problem,Low Level Design Problems,64,YouTube Video Platform,21,Design YouTube Video Platform,1,problem/lld/youtube-video/youtube-basic.json
1809,problem,Low Level Design Problems,64,YouTube Video Platform,21,"YouTube: Recommendations, Monetization, and Analytics",2,problem/lld/youtube-video/youtube-advanced.json
1810,problem,Low Level Design Problems,64,Google Drive File Storage,22,Design Google Drive File Storage,1,problem/lld/google-drive-storage/drive-basic.json
1811,problem,Low Level Design Problems,64,Google Drive File Storage,22,"Drive: Versioning, Sync, and Collaboration",2,problem/lld/google-drive-storage/drive-advanced.json
1812,problem,Low Level Design Problems,64,Slack Team Messaging,23,Design Slack Team Messaging,1,problem/lld/slack-messaging/slack-basic.json
1813,problem,Low Level Design Problems,64,Slack Team Messaging,23,"Slack: Search, Notifications, and Integrations",2,problem/lld/slack-messaging/slack-advanced.json
1814,problem,Low Level Design Problems,64,Zoom Video Conferencing,24,Design Zoom Video Conferencing,1,problem/lld/zoom-conferencing/zoom-basic.json
1815,problem,Low Level Design Problems,64,Zoom Video Conferencing,24,"Zoom: Breakout Rooms, Chat, and Scaling",2,problem/lld/zoom-conferencing/zoom-advanced.json
1816,problem,Low Level Design Problems,64,Food Delivery App,25,Design Food Delivery App,1,problem/lld/food-delivery/food-basic.json
1817,problem,Low Level Design Problems,64,Food Delivery App,25,"Food Delivery: Pricing, Matching, and Notifications",2,problem/lld/food-delivery/food-advanced.json
1818,problem,System Design Problems,65,React System Design,1,Design Scalable React State Architecture,1,problem/system-design/react-system-design/scalable-react-state-architecture.json
1819,problem,System Design Problems,65,React System Design,1,Design Micro-Frontend Architecture,2,problem/system-design/react-system-design/react-micro-frontends.json
1820,problem,System Design Problems,65,React System Design,1,Design SSR/SSG Hybrid Rendering Strategy,3,problem/system-design/react-system-design/react-ssr-ssg-hybrid.json
1821,problem,System Design Problems,65,ASP.NET Core System Design,2,Design Scalable ASP.NET Core APIs,1,problem/system-design/aspnet-system-design/scalable-aspnet-api-design.json
1822,problem,System Design Problems,65,ASP.NET Core System Design,2,Design Microservices Communication in ASP.NET Core,2,problem/system-design/aspnet-system-design/aspnet-microservices-communication.json
1823,problem,System Design Problems,65,ASP.NET Core System Design,2,Design Event-Driven Architecture with ASP.NET Core,3,problem/system-design/aspnet-system-design/aspnet-messaging-event-driven.json
1824,problem,System Design Problems,65,ASP.NET Core System Design,2,Design Distributed Caching for ASP.NET Core,4,problem/system-design/aspnet-system-design/aspnet-distributed-caching.json
1825,problem,System Design Problems,65,ASP.NET Core System Design,2,Design Resilience Patterns for ASP.NET Core,5,problem/system-design/aspnet-system-design/aspnet-resilience-circuit-breaker.json
1826,problem,System Design Problems,65,ASP.NET Core System Design,2,Design Background Job Processing in ASP.NET Core,6,problem/system-design/aspnet-system-design/aspnet-background-jobs-processing.json
1827,problem,System Design Problems,65,ASP.NET Core System Design,2,Design Database Scaling for ASP.NET Core Applications,7,problem/system-design/aspnet-system-design/aspnet-database-scaling.json
1828,problem,System Design Problems,65,ASP.NET Core System Design,2,Design an API Gateway with ASP.NET Core and gRPC,8,problem/system-design/aspnet-system-design/aspnet-api-gateway-grpc.json
1829,problem,System Design Problems,65,DevOps System Design,3,Design Enterprise CI/CD Pipelines,1,problem/system-design/devops-system-design/enterprise-cicd-pipeline-design.json
1830,problem,System Design Problems,65,DevOps System Design,3,Design Multi-Environment Kubernetes Architecture,2,problem/system-design/devops-system-design/kubernetes-multi-env-architecture.json
1831,problem,System Design Problems,65,DevOps System Design,3,Design Observability Platform,3,problem/system-design/devops-system-design/observability-platform-design.json
1832,problem,Azure Problems,66,Azure Foundations Problems,1,Choosing the Right Azure Region and Availability Zone,1,problem/azure/01-azure-foundations-problems/choosing-azure-region-and-availability-zone.json
1833,problem,High Level Design Problems,66,URL Shortener,1,URL Shortener: Basic Architecture,1,problem/hld/url-shortener/url-shortener-basic.json
1834,problem,Azure Problems,66,Azure Foundations Problems,1,Resource Groups vs Management Groups,2,problem/azure/01-azure-foundations-problems/resource-groups-vs-management-groups.json
1835,problem,High Level Design Problems,66,URL Shortener,1,URL Shortener: Scalability and Trade-offs,2,problem/hld/url-shortener/url-shortener-advanced.json
1836,problem,Azure Problems,66,Azure Foundations Problems,1,Azure Pricing and Cost Management,3,problem/azure/01-azure-foundations-problems/azure-pricing-and-cost-management.json
1837,problem,Azure Problems,66,Azure Compute Problems,2,Choosing Between Azure VM and App Service,1,problem/azure/02-azure-compute-problems/choosing-between-vm-and-app-service.json
1838,problem,High Level Design Problems,66,WhatsApp Chat System,2,WhatsApp Chat System: Basic Architecture,1,problem/hld/whatsapp-chat-hld/whatsapp-chat-hld-basic.json
1839,problem,Azure Problems,66,Azure Compute Problems,2,Deploying Containerized Apps on AKS,2,problem/azure/02-azure-compute-problems/deploying-containerized-apps-on-aks.json
1840,problem,High Level Design Problems,66,WhatsApp Chat System,2,WhatsApp Chat System: Scalability and Trade-offs,2,problem/hld/whatsapp-chat-hld/whatsapp-chat-hld-advanced.json
1841,problem,Azure Problems,66,Azure Compute Problems,2,VM Scale Sets vs Availability Sets,3,problem/azure/02-azure-compute-problems/vm-scale-sets-vs-availability-sets.json
1842,problem,Azure Problems,66,Azure Serverless Problems,3,Azure Functions vs App Service,1,problem/azure/03-azure-serverless-problems/azure-functions-vs-app-service.json
1843,problem,High Level Design Problems,66,Instagram Photo Sharing,3,Instagram Photo Sharing: Basic Architecture,1,problem/hld/instagram-feed/instagram-feed-basic.json
1844,problem,Azure Problems,66,Azure Serverless Problems,3,Designing Event-Driven Serverless Architecture,2,problem/azure/03-azure-serverless-problems/designing-event-driven-serverless-architecture.json
1845,problem,High Level Design Problems,66,Instagram Photo Sharing,3,Instagram Photo Sharing: Scalability and Trade-offs,2,problem/hld/instagram-feed/instagram-feed-advanced.json
1846,problem,Azure Problems,66,Azure Serverless Problems,3,Serverless API Best Practices,3,problem/azure/03-azure-serverless-problems/serverless-api-best-practices.json
1847,problem,Azure Problems,66,Azure Storage Problems,4,Blob Storage Access Tiers,1,problem/azure/04-azure-storage-problems/blob-storage-access-tiers.json
1848,problem,High Level Design Problems,66,YouTube Video Platform,4,YouTube Video Platform: Basic Architecture,1,problem/hld/youtube-streaming/youtube-streaming-basic.json
1849,problem,Azure Problems,66,Azure Storage Problems,4,Azure Files vs Blob Storage,2,problem/azure/04-azure-storage-problems/azure-files-vs-blob-storage.json
1850,problem,High Level Design Problems,66,YouTube Video Platform,4,YouTube Video Platform: Scalability and Trade-offs,2,problem/hld/youtube-streaming/youtube-streaming-advanced.json
1851,problem,Azure Problems,66,Azure Storage Problems,4,Storage Encryption and Security,3,problem/azure/04-azure-storage-problems/storage-encryption-and-security.json
1852,problem,Azure Problems,66,Azure Databases Problems,5,Azure SQL vs Cosmos DB,1,problem/azure/05-azure-databases-problems/azure-sql-vs-cosmos-db.json
1853,problem,High Level Design Problems,66,Uber Ride Sharing,5,Uber Ride Sharing: Basic Architecture,1,problem/hld/uber-ride-sharing-hld/uber-ride-sharing-hld-basic.json
1854,problem,Azure Problems,66,Azure Databases Problems,5,Redis Caching Patterns,2,problem/azure/05-azure-databases-problems/redis-caching-patterns.json
1855,problem,High Level Design Problems,66,Uber Ride Sharing,5,Uber Ride Sharing: Scalability and Trade-offs,2,problem/hld/uber-ride-sharing-hld/uber-ride-sharing-hld-advanced.json
1856,problem,Azure Problems,66,Azure Databases Problems,5,Database Migration Strategies,3,problem/azure/05-azure-databases-problems/database-migration-strategies.json
1857,problem,Azure Problems,66,Azure Networking Problems,6,Virtual Network Design,1,problem/azure/06-azure-networking-problems/virtual-network-design.json
1858,problem,High Level Design Problems,66,Airbnb Booking System,6,Airbnb Booking System: Basic Architecture,1,problem/hld/airbnb-booking-hld/airbnb-booking-hld-basic.json
1859,problem,Azure Problems,66,Azure Networking Problems,6,Load Balancer vs Application Gateway,2,problem/azure/06-azure-networking-problems/load-balancer-vs-application-gateway.json
1860,problem,High Level Design Problems,66,Airbnb Booking System,6,Airbnb Booking System: Scalability and Trade-offs,2,problem/hld/airbnb-booking-hld/airbnb-booking-hld-advanced.json
1861,problem,Azure Problems,66,Azure Networking Problems,6,Front Door vs Application Gateway,3,problem/azure/06-azure-networking-problems/front-door-vs-application-gateway.json
1862,problem,Azure Problems,66,Azure Security Problems,7,Managed Identity vs Service Principal,1,problem/azure/07-azure-security-problems/managed-identity-vs-service-principal.json
1863,problem,High Level Design Problems,66,Amazon E-commerce,7,Amazon E-commerce: Basic Architecture,1,problem/hld/amazon-ecommerce-hld/amazon-ecommerce-hld-basic.json
1864,problem,Azure Problems,66,Azure Security Problems,7,Azure Key Vault Secrets Management,2,problem/azure/07-azure-security-problems/key-vault-secrets-management.json
1865,problem,High Level Design Problems,66,Amazon E-commerce,7,Amazon E-commerce: Scalability and Trade-offs,2,problem/hld/amazon-ecommerce-hld/amazon-ecommerce-hld-advanced.json
1866,problem,Azure Problems,66,Azure Security Problems,7,Network Security Groups and Azure Firewall,3,problem/azure/07-azure-security-problems/network-security-groups-and-firewalls.json
1867,problem,Azure Problems,66,Azure AI Services Problems,8,Azure OpenAI vs Cognitive Services,1,problem/azure/08-azure-ai-services-problems/azure-openai-vs-cognitive-services.json
1868,problem,High Level Design Problems,66,Google Search Engine,8,Google Search Engine: Basic Architecture,1,problem/hld/google-search/google-search-basic.json
1869,problem,Azure Problems,66,Azure AI Services Problems,8,Building AI-Powered Apps on Azure,2,problem/azure/08-azure-ai-services-problems/building-ai-powered-apps-on-azure.json
1870,problem,High Level Design Problems,66,Google Search Engine,8,Google Search Engine: Scalability and Trade-offs,2,problem/hld/google-search/google-search-advanced.json
1871,problem,Azure Problems,66,Azure AI Services Problems,8,Azure ML vs AI Services,3,problem/azure/08-azure-ai-services-problems/azure-ml-vs-ai-services.json
1872,problem,High Level Design Problems,66,Twitter Social Media,9,Twitter Social Media: Basic Architecture,1,problem/hld/twitter-social-hld/twitter-social-hld-basic.json
1873,problem,High Level Design Problems,66,Twitter Social Media,9,Twitter Social Media: Scalability and Trade-offs,2,problem/hld/twitter-social-hld/twitter-social-hld-advanced.json
1874,problem,High Level Design Problems,66,LinkedIn Professional Network,10,LinkedIn Professional Network: Basic Architecture,1,problem/hld/linkedin-professional-hld/linkedin-professional-hld-basic.json
1875,problem,High Level Design Problems,66,LinkedIn Professional Network,10,LinkedIn Professional Network: Scalability and Trade-offs,2,problem/hld/linkedin-professional-hld/linkedin-professional-hld-advanced.json
1876,problem,High Level Design Problems,66,Slack Team Messaging,11,Slack Team Messaging: Basic Architecture,1,problem/hld/slack-messaging-hld/slack-messaging-hld-basic.json
1877,problem,High Level Design Problems,66,Slack Team Messaging,11,Slack Team Messaging: Scalability and Trade-offs,2,problem/hld/slack-messaging-hld/slack-messaging-hld-advanced.json
1878,problem,High Level Design Problems,66,Dropbox File Storage,12,Dropbox File Storage: Basic Architecture,1,problem/hld/dropbox-storage/dropbox-storage-basic.json
1879,problem,High Level Design Problems,66,Dropbox File Storage,12,Dropbox File Storage: Scalability and Trade-offs,2,problem/hld/dropbox-storage/dropbox-storage-advanced.json
1880,problem,High Level Design Problems,66,Spotify Music Streaming,13,Spotify Music Streaming: Basic Architecture,1,problem/hld/spotify-music-hld/spotify-music-hld-basic.json
1881,problem,High Level Design Problems,66,Spotify Music Streaming,13,Spotify Music Streaming: Scalability and Trade-offs,2,problem/hld/spotify-music-hld/spotify-music-hld-advanced.json
1882,problem,High Level Design Problems,66,Zoom Video Conferencing,14,Zoom Video Conferencing: Basic Architecture,1,problem/hld/zoom-conferencing-hld/zoom-conferencing-hld-basic.json
1883,problem,High Level Design Problems,66,Zoom Video Conferencing,14,Zoom Video Conferencing: Scalability and Trade-offs,2,problem/hld/zoom-conferencing-hld/zoom-conferencing-hld-advanced.json
1884,problem,High Level Design Problems,66,Food Delivery Service,15,Food Delivery Service: Basic Architecture,1,problem/hld/food-delivery-hld/food-delivery-hld-basic.json
1885,problem,High Level Design Problems,66,Food Delivery Service,15,Food Delivery Service: Scalability and Trade-offs,2,problem/hld/food-delivery-hld/food-delivery-hld-advanced.json
1886,problem,High Level Design Problems,66,Ticket Booking System,16,Ticket Booking System: Basic Architecture,1,problem/hld/ticket-booking-hld/ticket-booking-hld-basic.json
1887,problem,High Level Design Problems,66,Ticket Booking System,16,Ticket Booking System: Scalability and Trade-offs,2,problem/hld/ticket-booking-hld/ticket-booking-hld-advanced.json
1888,problem,High Level Design Problems,66,Chat System,17,Chat System: Basic Architecture,1,problem/hld/chat-system-hld/chat-system-hld-basic.json
1889,problem,High Level Design Problems,66,Chat System,17,Chat System: Scalability and Trade-offs,2,problem/hld/chat-system-hld/chat-system-hld-advanced.json
1890,problem,High Level Design Problems,66,Rate Limiter,18,Rate Limiter: Basic Architecture,1,problem/hld/rate-limiter/rate-limiter-basic.json
1891,problem,High Level Design Problems,66,Rate Limiter,18,Rate Limiter: Scalability and Trade-offs,2,problem/hld/rate-limiter/rate-limiter-advanced.json
1892,problem,High Level Design Problems,66,Web Crawler,19,Web Crawler: Basic Architecture,1,problem/hld/web-crawler/web-crawler-basic.json
1893,problem,High Level Design Problems,66,Web Crawler,19,Web Crawler: Scalability and Trade-offs,2,problem/hld/web-crawler/web-crawler-advanced.json
1894,problem,High Level Design Problems,66,Notification System,20,Notification System: Basic Architecture,1,problem/hld/notification-system/notification-system-basic.json
1895,problem,High Level Design Problems,66,Notification System,20,Notification System: Scalability and Trade-offs,2,problem/hld/notification-system/notification-system-advanced.json
1896,problem,High Level Design Problems,66,Payment Gateway,21,Payment Gateway: Basic Architecture,1,problem/hld/payment-gateway-hld/payment-gateway-hld-basic.json
1897,problem,High Level Design Problems,66,Payment Gateway,21,Payment Gateway: Scalability and Trade-offs,2,problem/hld/payment-gateway-hld/payment-gateway-hld-advanced.json
1898,problem,High Level Design Problems,66,Video Streaming Service,22,Video Streaming Service: Basic Architecture,1,problem/hld/video-streaming-hld/video-streaming-hld-basic.json
1899,problem,High Level Design Problems,66,Video Streaming Service,22,Video Streaming Service: Scalability and Trade-offs,2,problem/hld/video-streaming-hld/video-streaming-hld-advanced.json
1900,problem,High Level Design Problems,66,Ride Sharing Platform,23,Ride Sharing Platform: Basic Architecture,1,problem/hld/ride-sharing-hld/ride-sharing-hld-basic.json
1901,problem,High Level Design Problems,66,Ride Sharing Platform,23,Ride Sharing Platform: Scalability and Trade-offs,2,problem/hld/ride-sharing-hld/ride-sharing-hld-advanced.json
1902,problem,High Level Design Problems,66,E-commerce Platform,24,E-commerce Platform: Basic Architecture,1,problem/hld/ecommerce-hld/ecommerce-hld-basic.json
1903,problem,High Level Design Problems,66,E-commerce Platform,24,E-commerce Platform: Scalability and Trade-offs,2,problem/hld/ecommerce-hld/ecommerce-hld-advanced.json
1904,problem,High Level Design Problems,66,Search Autocomplete,25,Search Autocomplete: Basic Architecture,1,problem/hld/search-autocomplete/search-autocomplete-basic.json
1905,problem,High Level Design Problems,66,Search Autocomplete,25,Search Autocomplete: Scalability and Trade-offs,2,problem/hld/search-autocomplete/search-autocomplete-advanced.json
1906,problem,Production Incident Lab,107,Backend Incidents,1,ASP.NET Core API latency increased 40x after a deployment,1,problem/production-incident-lab-problems/backend-incidents/aspnet-core-api-latency-increased-40x-after-a-deployment.json
1907,problem,Production Incident Lab,107,Backend Incidents,1,API returns intermittent 503 responses while CPU remains low,2,problem/production-incident-lab-problems/backend-incidents/api-returns-intermittent-503-responses-while-cpu-remains-low.json
1908,problem,Production Incident Lab,107,Backend Incidents,1,Thread pool starvation causes request timeouts under load,3,problem/production-incident-lab-problems/backend-incidents/thread-pool-starvation-causes-request-timeouts-under-load.json
1909,problem,Production Incident Lab,107,Backend Incidents,1,Connection pool exhaustion causes cascading API failures,4,problem/production-incident-lab-problems/backend-incidents/connection-pool-exhaustion-causes-cascading-api-failures.json
1910,problem,Production Incident Lab,107,Backend Incidents,1,Memory usage grows continuously and pods restart,5,problem/production-incident-lab-problems/backend-incidents/memory-usage-grows-continuously-and-pods-restart.json
1911,problem,Production Incident Lab,107,Backend Incidents,1,Duplicate payment requests create duplicate business records,6,problem/production-incident-lab-problems/backend-incidents/duplicate-payment-requests-create-duplicate-business-records.json
1912,problem,Production Incident Lab,107,Backend Incidents,1,A retry policy creates a retry storm during a downstream outage,7,problem/production-incident-lab-problems/backend-incidents/a-retry-policy-creates-a-retry-storm-during-a-downstream-outage.json
1913,problem,Production Incident Lab,107,Backend Incidents,1,Background jobs process the same message twice,8,problem/production-incident-lab-problems/backend-incidents/background-jobs-process-the-same-message-twice.json
1914,problem,Production Incident Lab,107,Backend Incidents,1,One database query causes 90% of production database CPU,9,problem/production-incident-lab-problems/backend-incidents/one-database-query-causes-90-of-production-database-cpu.json
1915,problem,Production Incident Lab,107,Backend Incidents,1,A deployment succeeds but old clients start receiving 500 responses,10,problem/production-incident-lab-problems/backend-incidents/a-deployment-succeeds-but-old-clients-start-receiving-500-responses.json
1916,problem,Production Incident Lab,107,Frontend Incidents,2,React page becomes progressively slower after navigation,1,problem/production-incident-lab-problems/frontend-incidents/react-page-becomes-progressively-slower-after-navigation.json
1917,problem,Production Incident Lab,107,Frontend Incidents,2,A large table freezes the browser,2,problem/production-incident-lab-problems/frontend-incidents/a-large-table-freezes-the-browser.json
1918,problem,Production Incident Lab,107,Frontend Incidents,2,Hydration mismatches occur only in production,3,problem/production-incident-lab-problems/frontend-incidents/hydration-mismatches-occur-only-in-production.json
1919,problem,Production Incident Lab,107,Frontend Incidents,2,Frontend bundle size doubled after a dependency change,4,problem/production-incident-lab-problems/frontend-incidents/frontend-bundle-size-doubled-after-a-dependency-change.json
1920,problem,Production Incident Lab,107,Frontend Incidents,2,Users see stale data after a successful update,5,problem/production-incident-lab-problems/frontend-incidents/users-see-stale-data-after-a-successful-update.json
1921,problem,Production Incident Lab,107,Frontend Incidents,2,A memory leak appears after opening and closing a modal repeatedly,6,problem/production-incident-lab-problems/frontend-incidents/a-memory-leak-appears-after-opening-and-closing-a-modal-repeatedly.json
1922,problem,Production Incident Lab,107,Frontend Incidents,2,Core Web Vitals degrade after adding a new dashboard,7,problem/production-incident-lab-problems/frontend-incidents/core-web-vitals-degrade-after-adding-a-new-dashboard.json
1923,problem,Production Incident Lab,107,Frontend Incidents,2,Authentication works locally but fails behind a reverse proxy,8,problem/production-incident-lab-problems/frontend-incidents/authentication-works-locally-but-fails-behind-a-reverse-proxy.json
1924,problem,Production Incident Lab,107,Database & Infrastructure Incidents,3,SQL Server CPU reaches 95% after a release,1,problem/production-incident-lab-problems/database-infrastructure-incidents/sql-server-cpu-reaches-95-after-a-release.json
1925,problem,Production Incident Lab,107,Database & Infrastructure Incidents,3,Deadlocks increase sharply during peak traffic,2,problem/production-incident-lab-problems/database-infrastructure-incidents/deadlocks-increase-sharply-during-peak-traffic.json
1926,problem,Production Incident Lab,107,Database & Infrastructure Incidents,3,Kubernetes pods restart even though application logs look healthy,3,problem/production-incident-lab-problems/database-infrastructure-incidents/kubernetes-pods-restart-even-though-application-logs-look-healthy.json
1927,problem,Production Incident Lab,107,Database & Infrastructure Incidents,3,Readiness probes fail during a normal traffic spike,4,problem/production-incident-lab-problems/database-infrastructure-incidents/readiness-probes-fail-during-a-normal-traffic-spike.json
1928,problem,Production Incident Lab,107,Database & Infrastructure Incidents,3,Container image deployment works locally but fails in production,5,problem/production-incident-lab-problems/database-infrastructure-incidents/container-image-deployment-works-locally-but-fails-in-production.json
1929,problem,Production Incident Lab,107,Database & Infrastructure Incidents,3,A service can resolve DNS but cannot connect to its dependency,6,problem/production-incident-lab-problems/database-infrastructure-incidents/a-service-can-resolve-dns-but-cannot-connect-to-its-dependency.json
1930,problem,Production Incident Lab,107,Database & Infrastructure Incidents,3,Azure application works in one region but not another,7,problem/production-incident-lab-problems/database-infrastructure-incidents/azure-application-works-in-one-region-but-not-another.json
1931,problem,Production Incident Lab,107,Database & Infrastructure Incidents,3,A cache outage causes the database to become overloaded,8,problem/production-incident-lab-problems/database-infrastructure-incidents/a-cache-outage-causes-the-database-to-become-overloaded.json
1932,problem,Senior Code Review Lab,108,C# & ASP.NET Core Reviews,1,Review an async method that blocks on .Result,1,problem/senior-code-review-lab-problems/c-aspnet-core-reviews/review-an-async-method-that-blocks-on-result.json
1933,problem,Senior Code Review Lab,108,C# & ASP.NET Core Reviews,1,Review a singleton service that captures a scoped dependency,2,problem/senior-code-review-lab-problems/c-aspnet-core-reviews/review-a-singleton-service-that-captures-a-scoped-dependency.json
1934,problem,Senior Code Review Lab,108,C# & ASP.NET Core Reviews,1,Review an API that retries every exception indefinitely,3,problem/senior-code-review-lab-problems/c-aspnet-core-reviews/review-an-api-that-retries-every-exception-indefinitely.json
1935,problem,Senior Code Review Lab,108,C# & ASP.NET Core Reviews,1,Review an EF Core query that causes N+1 database calls,4,problem/senior-code-review-lab-problems/c-aspnet-core-reviews/review-an-ef-core-query-that-causes-n1-database-calls.json
1936,problem,Senior Code Review Lab,108,C# & ASP.NET Core Reviews,1,Review an API endpoint that trusts an object ID from the client,5,problem/senior-code-review-lab-problems/c-aspnet-core-reviews/review-an-api-endpoint-that-trusts-an-object-id-from-the-client.json
1937,problem,Senior Code Review Lab,108,C# & ASP.NET Core Reviews,1,Review a background worker with no cancellation support,6,problem/senior-code-review-lab-problems/c-aspnet-core-reviews/review-a-background-worker-with-no-cancellation-support.json
1938,problem,Senior Code Review Lab,108,C# & ASP.NET Core Reviews,1,Review an HTTP client implementation that creates sockets repeatedly,7,problem/senior-code-review-lab-problems/c-aspnet-core-reviews/review-an-http-client-implementation-that-creates-sockets-repeatedly.json
1939,problem,Senior Code Review Lab,108,C# & ASP.NET Core Reviews,1,Review an API that logs sensitive request data,8,problem/senior-code-review-lab-problems/c-aspnet-core-reviews/review-an-api-that-logs-sensitive-request-data.json
1940,problem,Senior Code Review Lab,108,React & TypeScript Reviews,2,Review a component with unnecessary global state,1,problem/senior-code-review-lab-problems/react-typescript-reviews/review-a-component-with-unnecessary-global-state.json
1941,problem,Senior Code Review Lab,108,React & TypeScript Reviews,2,Review a React effect that creates a subscription leak,2,problem/senior-code-review-lab-problems/react-typescript-reviews/review-a-react-effect-that-creates-a-subscription-leak.json
1942,problem,Senior Code Review Lab,108,React & TypeScript Reviews,2,Review a TypeScript API client full of unsafe type assertions,3,problem/senior-code-review-lab-problems/react-typescript-reviews/review-a-typescript-api-client-full-of-unsafe-type-assertions.json
1943,problem,Senior Code Review Lab,108,React & TypeScript Reviews,2,Review a component that renders a huge list without virtualization,4,problem/senior-code-review-lab-problems/react-typescript-reviews/review-a-component-that-renders-a-huge-list-without-virtualization.json
1944,problem,Senior Code Review Lab,108,React & TypeScript Reviews,2,Review a mutation flow with no rollback after optimistic update,5,problem/senior-code-review-lab-problems/react-typescript-reviews/review-a-mutation-flow-with-no-rollback-after-optimistic-update.json
1945,problem,Senior Code Review Lab,108,React & TypeScript Reviews,2,Review a React context used for rapidly changing server state,6,problem/senior-code-review-lab-problems/react-typescript-reviews/review-a-react-context-used-for-rapidly-changing-server-state.json
1946,problem,Senior Code Review Lab,108,React & TypeScript Reviews,2,Review a frontend authentication implementation storing sensitive tokens unsafely,7,problem/senior-code-review-lab-problems/react-typescript-reviews/review-a-frontend-authentication-implementation-storing-sensitive-tokens-unsafely.json
1947,problem,Architecture Decision Lab,109,Architecture Trade-offs,1,Choose between modular monolith and microservices for a new product,1,problem/architecture-decision-lab-problems/architecture-trade-offs/choose-between-modular-monolith-and-microservices-for-a-new-product.json
1948,problem,Architecture Decision Lab,109,Architecture Trade-offs,1,Choose REST vs GraphQL for a multi-client application,2,problem/architecture-decision-lab-problems/architecture-trade-offs/choose-rest-vs-graphql-for-a-multi-client-application.json
1949,problem,Architecture Decision Lab,109,Architecture Trade-offs,1,Choose REST vs gRPC for internal service communication,3,problem/architecture-decision-lab-problems/architecture-trade-offs/choose-rest-vs-grpc-for-internal-service-communication.json
1950,problem,Architecture Decision Lab,109,Architecture Trade-offs,1,Choose SQL vs NoSQL for a high-write workload,4,problem/architecture-decision-lab-problems/architecture-trade-offs/choose-sql-vs-nosql-for-a-high-write-workload.json
1951,problem,Architecture Decision Lab,109,Architecture Trade-offs,1,Choose Redis caching vs database optimization,5,problem/architecture-decision-lab-problems/architecture-trade-offs/choose-redis-caching-vs-database-optimization.json
1952,problem,Architecture Decision Lab,109,Architecture Trade-offs,1,Choose synchronous processing vs a message queue,6,problem/architecture-decision-lab-problems/architecture-trade-offs/choose-synchronous-processing-vs-a-message-queue.json
1953,problem,Architecture Decision Lab,109,Architecture Trade-offs,1,Choose Kubernetes vs managed application hosting,7,problem/architecture-decision-lab-problems/architecture-trade-offs/choose-kubernetes-vs-managed-application-hosting.json
1954,problem,Architecture Decision Lab,109,Architecture Trade-offs,1,Choose orchestration vs choreography for a distributed workflow,8,problem/architecture-decision-lab-problems/architecture-trade-offs/choose-orchestration-vs-choreography-for-a-distributed-workflow.json
1955,problem,Architecture Decision Lab,109,Architecture Trade-offs,1,Choose an API evolution strategy for three client versions,9,problem/architecture-decision-lab-problems/architecture-trade-offs/choose-an-api-evolution-strategy-for-three-client-versions.json
1956,problem,Architecture Decision Lab,109,Architecture Trade-offs,1,Decide whether a proposed microservice should actually exist,10,problem/architecture-decision-lab-problems/architecture-trade-offs/decide-whether-a-proposed-microservice-should-actually-exist.json
1957,project,Full-Stack Senior Projects,110,Project 1: Enterprise Expense Platform,1,"Phase 1: Requirements, domain model and architecture",1,project/full-stack-senior-projects/project-1-enterprise-expense-platform/phase-1-requirements-domain-model-and-architecture.json
1958,project,Full-Stack Senior Projects,110,Project 1: Enterprise Expense Platform,1,Phase 2: ASP.NET Core API and React application,2,project/full-stack-senior-projects/project-1-enterprise-expense-platform/phase-2-aspnet-core-api-and-react-application.json
1959,project,Full-Stack Senior Projects,110,Project 1: Enterprise Expense Platform,1,Phase 3: Authentication and authorization,3,project/full-stack-senior-projects/project-1-enterprise-expense-platform/phase-3-authentication-and-authorization.json
1960,project,Full-Stack Senior Projects,110,Project 1: Enterprise Expense Platform,1,"Phase 4: SQL schema, EF Core and transaction boundaries",4,project/full-stack-senior-projects/project-1-enterprise-expense-platform/phase-4-sql-schema-ef-core-and-transaction-boundaries.json
1961,project,Full-Stack Senior Projects,110,Project 1: Enterprise Expense Platform,1,"Phase 5: Validation, error handling and API contracts",5,project/full-stack-senior-projects/project-1-enterprise-expense-platform/phase-5-validation-error-handling-and-api-contracts.json
1962,project,Full-Stack Senior Projects,110,Project 1: Enterprise Expense Platform,1,Phase 6: Automated unit and integration tests,6,project/full-stack-senior-projects/project-1-enterprise-expense-platform/phase-6-automated-unit-and-integration-tests.json
1963,project,Full-Stack Senior Projects,110,Project 1: Enterprise Expense Platform,1,Phase 7: Redis caching and cache invalidation,7,project/full-stack-senior-projects/project-1-enterprise-expense-platform/phase-7-redis-caching-and-cache-invalidation.json
1964,project,Full-Stack Senior Projects,110,Project 1: Enterprise Expense Platform,1,Phase 8: Background jobs and message processing,8,project/full-stack-senior-projects/project-1-enterprise-expense-platform/phase-8-background-jobs-and-message-processing.json
1965,project,Full-Stack Senior Projects,110,Project 1: Enterprise Expense Platform,1,"Phase 9: Observability with logs, metrics and traces",9,project/full-stack-senior-projects/project-1-enterprise-expense-platform/phase-9-observability-with-logs-metrics-and-traces.json
1966,project,Full-Stack Senior Projects,110,Project 1: Enterprise Expense Platform,1,Phase 10: Dockerized deployment and CI/CD,10,project/full-stack-senior-projects/project-1-enterprise-expense-platform/phase-10-dockerized-deployment-and-cicd.json
1967,project,Full-Stack Senior Projects,110,Project 1: Enterprise Expense Platform,1,Phase 11: Cloud deployment and production hardening,11,project/full-stack-senior-projects/project-1-enterprise-expense-platform/phase-11-cloud-deployment-and-production-hardening.json
1968,project,Full-Stack Senior Projects,110,Project 1: Enterprise Expense Platform,1,Phase 12: Scale the system and document trade-offs,12,project/full-stack-senior-projects/project-1-enterprise-expense-platform/phase-12-scale-the-system-and-document-trade-offs.json
1969,project,Full-Stack Senior Projects,110,Project 2: Collaborative Communication Platform,2,Requirements and real-time communication architecture,1,project/full-stack-senior-projects/project-2-collaborative-communication-platform/requirements-and-real-time-communication-architecture.json
1970,project,Full-Stack Senior Projects,110,Project 2: Collaborative Communication Platform,2,React application and authentication,2,project/full-stack-senior-projects/project-2-collaborative-communication-platform/react-application-and-authentication.json
1971,project,Full-Stack Senior Projects,110,Project 2: Collaborative Communication Platform,2,WebSocket connection lifecycle,3,project/full-stack-senior-projects/project-2-collaborative-communication-platform/websocket-connection-lifecycle.json
1972,project,Full-Stack Senior Projects,110,Project 2: Collaborative Communication Platform,2,Presence and typing indicators,4,project/full-stack-senior-projects/project-2-collaborative-communication-platform/presence-and-typing-indicators.json
1973,project,Full-Stack Senior Projects,110,Project 2: Collaborative Communication Platform,2,Message persistence and ordering,5,project/full-stack-senior-projects/project-2-collaborative-communication-platform/message-persistence-and-ordering.json
1974,project,Full-Stack Senior Projects,110,Project 2: Collaborative Communication Platform,2,Offline handling and reconnect behavior,6,project/full-stack-senior-projects/project-2-collaborative-communication-platform/offline-handling-and-reconnect-behavior.json
1975,project,Full-Stack Senior Projects,110,Project 2: Collaborative Communication Platform,2,Notification architecture,7,project/full-stack-senior-projects/project-2-collaborative-communication-platform/notification-architecture.json
1976,project,Full-Stack Senior Projects,110,Project 2: Collaborative Communication Platform,2,Message idempotency and duplicate handling,8,project/full-stack-senior-projects/project-2-collaborative-communication-platform/message-idempotency-and-duplicate-handling.json
1977,project,Full-Stack Senior Projects,110,Project 2: Collaborative Communication Platform,2,Scaling real-time connections,9,project/full-stack-senior-projects/project-2-collaborative-communication-platform/scaling-real-time-connections.json
1978,project,Full-Stack Senior Projects,110,Project 2: Collaborative Communication Platform,2,Observability and failure testing,10,project/full-stack-senior-projects/project-2-collaborative-communication-platform/observability-and-failure-testing.json
1979,project,Full-Stack Senior Projects,110,Project 3: Production Incident Simulator,3,Baseline healthy application and telemetry,1,project/full-stack-senior-projects/project-3-production-incident-simulator/baseline-healthy-application-and-telemetry.json
1980,project,Full-Stack Senior Projects,110,Project 3: Production Incident Simulator,3,Introduce database performance regression,2,project/full-stack-senior-projects/project-3-production-incident-simulator/introduce-database-performance-regression.json
1981,project,Full-Stack Senior Projects,110,Project 3: Production Incident Simulator,3,Introduce memory leak,3,project/full-stack-senior-projects/project-3-production-incident-simulator/introduce-memory-leak.json
1982,project,Full-Stack Senior Projects,110,Project 3: Production Incident Simulator,3,Introduce downstream timeout,4,project/full-stack-senior-projects/project-3-production-incident-simulator/introduce-downstream-timeout.json
1983,project,Full-Stack Senior Projects,110,Project 3: Production Incident Simulator,3,Introduce duplicate message processing,5,project/full-stack-senior-projects/project-3-production-incident-simulator/introduce-duplicate-message-processing.json
1984,project,Full-Stack Senior Projects,110,Project 3: Production Incident Simulator,3,Introduce cache failure,6,project/full-stack-senior-projects/project-3-production-incident-simulator/introduce-cache-failure.json
1985,project,Full-Stack Senior Projects,110,Project 3: Production Incident Simulator,3,Introduce broken deployment,7,project/full-stack-senior-projects/project-3-production-incident-simulator/introduce-broken-deployment.json
1986,project,Full-Stack Senior Projects,110,Project 3: Production Incident Simulator,3,Introduce Kubernetes health-check failure,8,project/full-stack-senior-projects/project-3-production-incident-simulator/introduce-kubernetes-health-check-failure.json
1987,project,Full-Stack Senior Projects,110,Project 3: Production Incident Simulator,3,"Investigate using logs, metrics and traces",9,project/full-stack-senior-projects/project-3-production-incident-simulator/investigate-using-logs-metrics-and-traces.json
1988,project,Full-Stack Senior Projects,110,Project 3: Production Incident Simulator,3,Write a root cause analysis and remediation plan,10,project/full-stack-senior-projects/project-3-production-incident-simulator/write-a-root-cause-analysis-and-remediation-plan.json